Subject	Fluency_Item	Semantic_Similarity	Frequency_Value	Phonological_Similarity	Pairwise_Indv_Similarity
00K73X1D	hozier	0.0001	2.05	0.0001	0.0001
00K73X1D	andrew bird	0.4044586109236936	4.3	0.1111	0.0001
00K73X1D	sabrina carpenter	0.331566465632664	3.22	0.0001	0.0001
00K73X1D	taylor swift	0.2019091191085094	4.03	0.125	0.0001
00K73X1D	chris martin	0.3759466862912921	4.47	0.0001	0.0001
00K73X1D	tame impala	0.2036072799258146	2.94	0.0769	0.0001
00K73X1D	katy perry	0.3324187679937005	3.55	0.0769	0.0001
00K73X1D	olivia rodrigo	0.25925707698187	3.17	0.2222	0.0001
0GMT2ITP	taylor swift	0.0001	4.03	0.0001	0.0001
0GMT2ITP	rihanna	0.48914984675076	3.46	0.1667	0.0001
0GMT2ITP	conan gray	0.1332187322897033	3.37	0.0833	0.0001
0GMT2ITP	harry styles	0.2459063857978372	4.22	0.0001	0.0001
0GMT2ITP	selena gomez	0.4135185106626067	3.08	0.25	0.0001
0GMT2ITP	gracie abrams	0.2300265705436934	3.01	0.1	0.0001
0GMT2ITP	sabrina carpenter	0.2193510688731788	3.22	0.1	0.0001
0GMT2ITP	olivia rodrigo	0.3159964184494401	3.17	0.25	0.0001
0GMT2ITP	sarah mclachlan	0.2458430078171476	2.67	0.2222	0.0001
0GMT2ITP	lorde	0.3116384785810846	3.16	0.2	0.0001
0GMT2ITP	esha tewari	0.2153479621738703	1.64	0.1	0.0001
0GMT2ITP	gayle	0.2368869119939342	3.16	0.0001	0.0001
0L28O7LJ	lana del rey	0.0001	3.35	0.0001	0.0001
0L28O7LJ	frank sinatra	0.3744578145546827	3.25	0.0001	0.0001
0L28O7LJ	jeff buckley	0.3910638908988586	3.42	0.0714	0.0001
0L28O7LJ	jhene aiko	0.2432285108222339	1.63	0.0001	0.0001
0L28O7LJ	the weeknd	0.4585254903853739	2.66	0.1111	0.0001
0L28O7LJ	taylor swift	0.3694263896939316	4.03	0.25	0.0001
0L28O7LJ	ariana grande	0.485884324797579	3.09	0.0001	0.0001
0L28O7LJ	miley cyrus	0.4988844282997551	3.37	0.0001	0.0001
0L28O7LJ	demi lovato	0.5713908308321086	2.72	0.0001	0.0001
0L28O7LJ	cher lloyd	0.3268959702070177	3.28	0.2727	0.0001
0MGC7F4K	taylor swift	0.0001	4.03	0.0001	0.0001
0MGC7F4K	miles davis	0.3377875010334322	4.37	0.0001	0.0001
0MGC7F4K	me	0.0702773067689701	6.48	0.0001	0.0001
0MGC7F4K	wolfgang amadeus mozart	0.062006485454837	2.52	0.0769	0.0001
0MGC7F4K	ludwig van beethoven	0.5786810257101505	3.05	0.0769	0.0001
0MGC7F4K	vince di martino	0.1882694422003283	2.8	0.0001	0.0001
0PRAW6DO	olivia dean	0.0001	3.73	0.0001	0.0001
0PRAW6DO	noah kahan	0.2420814551705171	2.23	0.0001	0.0001
0PRAW6DO	olivia rodrigo	0.2288177709629738	3.17	0.0001	0.0001
0PRAW6DO	ariana grande	0.3683757232780253	3.09	0.0001	0.0001
0PRAW6DO	sabrina carpenter	0.2753516456624583	3.22	0.125	0.0001
0PRAW6DO	lizzy mcalpine	0.3514338625487139	2.4	0.125	0.0001
0PRAW6DO	miley cyrus	0.2933526654263145	3.37	0.0001	0.0001
0PRAW6DO	jon bellion	0.3358663684186083	1.7	0.2	0.0001
0QPSDFM3	taylor swift	0.0001	4.03	0.0001	0.0001
0QPSDFM3	benson boone	0.2270630452008112	3.2	0.0001	0.0001
0QPSDFM3	harry styles	0.1800703798453063	4.22	0.0833	0.0001
0QPSDFM3	zayn malik	0.7044704205006875	2.86	0.0001	0.0001
0QPSDFM3	hozier	0.3507349258143792	2.05	0.1111	0.0001
0QPSDFM3	noah kahan	0.2280150167567528	2.23	0.0001	0.0001
0QPSDFM3	lewis capaldi	0.2979448539085961	2.62	0.0001	0.0001
0QPSDFM3	avicii	0.2511583499276431	2.5	0.0909	0.0001
0QPSDFM3	avril lavigne	0.3492283131479123	2.49	0.0909	0.0001
0QPSDFM3	kesha	0.476640934589527	2.68	0.1111	0.0001
0QPSDFM3	ariana grande	0.3779496236251578	3.09	0.0001	0.0001
18HXK612	taylor swift	0.0001	4.03	0.0001	0.0001
18HXK612	beyoncé	0.5048553796130147	3.37	0.0909	0.0001
18HXK612	bruno mars	0.420236819043791	3.68	0.0909	0.0001
18HXK612	olivia rodrigo	0.2112360600527598	3.17	0.125	0.0001
18HXK612	panic! at the disco	0.1990879433963781	3.66	0.1	0.0001
18HXK612	nirvana	0.3252055807425866	3.37	0.0001	0.0001
18HXK612	lady gaga	0.313196810657256	3.57	0.0001	0.0001
18HXK612	chappell roan	0.0479527582353626	2.5	0.0001	0.0001
18HXK612	green day	0.1437561946102227	5.07	0.05	0.0001
18HXK612	imagine dragons	0.3267013073926736	4.04	0.0001	0.0001
1KEVYYJ9	taylor swift	0.0001	4.03	0.0001	0.0001
1KEVYYJ9	benny blanco	0.1278874971978902	2.95	0.1111	0.0001
1KEVYYJ9	bad bunny	0.2485188044627628	3.87	0.1111	0.0001
1KEVYYJ9	deftones	0.1394331757253653	2.3	0.0833	0.0001
1KEVYYJ9	korn	0.4707053854855644	2.74	0.0001	0.006222666797150424
1KEVYYJ9	fabvl	0.265759078203434	0.0001	0.0001	0.0
1KEVYYJ9	rustage	0.4849541200772175	0.0001	0.0001	0.0
20ISZCV2	gladys knight	0.0001	3.2	0.0001	0.0001
20ISZCV2	amy winehouse	0.4066919698227605	2.72	0.0667	0.0001
20ISZCV2	sza	0.3346178805507576	2.11	0.0001	0.0001
20ISZCV2	drake	0.3141925989138814	3.96	0.0001	0.0
20ISZCV2	sia	0.289524827810421	3.11	0.1111	0.019382518744904438
20ISZCV2	adele	0.4170611242987374	3.45	0.0001	0.010855413377749845
20ISZCV2	beyoncé	0.4404427779669347	3.37	0.1818	0.0001
20ISZCV2	jay-z	0.6006140056960768	4.12	0.0909	0.0001
20ISZCV2	kanye west	0.5466749872413639	3.76	0.0001	0.0001
2BD455O0	adele	0.0001	3.45	0.0001	0.0001
2BD455O0	taylor swift	0.4813503259154881	4.03	0.0001	0.0001
2BD455O0	dacelynn	0.060760485468446	0.0001	0.0476	0.0001
2BD455O0	the strokes	0.0348164471107899	3.75	0.0476	0.0001
2BD455O0	the killers	0.549231177370862	3.91	0.0833	0.0001
2BD455O0	julian casablancas	0.3250654782435089	2.17	0.1333	0.0001
2BD455O0	ben gibbard	0.3825543792531758	1.74	0.3333	0.0001
2BD455O0	phoebe bridgers	0.0784793570698714	1.69	0.1667	0.0001
2BD455O0	lucy dacus	0.3089109375468093	1.76	0.1	0.0001
2BD455O0	michelle zauner	0.2924240162613898	0.0001	0.0001	0.0001
2BD455O0	magdalena bay	0.2448690183828481	2.81	0.2727	0.0001
2BD455O0	oxis	0.1670890007146589	1.13	0.1818	0.0001
2BD455O0	pinocchiop	0.3918627425259809	0.0001	0.0001	0.0
2BD455O0	circusp	0.393241865327774	0.0001	0.0001	0.0
2BD455O0	ado	0.2857073564149168	3.2	0.1538	0.0
2BD455O0	lamp	0.2384809817438614	4.05	0.1538	0.0161697533958943
2BD455O0	daft punk	0.2101389824881694	3.37	0.2222	0.0001
2BD455O0	michael jackson	0.3663322701049009	4.46	0.0001	0.0001
37UDZTHY	drake	0.0001	3.96	0.0001	0.0001
37UDZTHY	louis armstrong	0.3401447225323748	3.85	0.2222	0.0001
37UDZTHY	kanye	0.2667553599119754	3.77	0.1667	0.0001
37UDZTHY	kendrick	0.4743239559931562	3.46	0.0909	-0.04225791525060329
37UDZTHY	grohl	0.3931386072865047	2.66	0.0909	0.0
37UDZTHY	future	0.1684640192455432	5.33	0.1429	0.0
37UDZTHY	j. cole	0.2648900769044997	4.12	0.1	0.0001
37UDZTHY	ryan gosling in la la land	0.1439725836226437	3.01	0.1	0.0001
37UDZTHY	whiplash kid	0.1969973113374831	3.05	0.0001	0.0001
3YX63NZD	sza	0.0001	2.11	0.0001	0.0001
3YX63NZD	gza	0.4960071622764199	1.99	0.0001	0.0008410955623751725
3YX63NZD	redman	0.4983590523916	2.75	0.6154	0.0
3YX63NZD	method man	0.4564779625304804	4.76	0.1538	0.0001
3YX63NZD	playboi carti	0.3441440625833477	1.69	0.0001	0.0001
3YX63NZD	blue smiley	0.0677066744422034	3.39	0.1111	0.0001
3YX63NZD	elliott smith	0.2103268406642294	3.76	0.1	0.0001
3YX63NZD	the rolling stones	0.2262473554769644	4.08	0.1	0.0001
3YX63NZD	young thug	0.3128098362781086	3.48	0.0769	0.0001
3YX63NZD	tagabow	0.2299296666582451	0.0001	0.0001	0.0001
3YX63NZD	gel	0.3570687450316939	3.84	0.0909	0.0
3YX63NZD	gucci mane	0.2374645671828892	3.03	0.0909	0.0001
3YX63NZD	destroy lonely	0.0897603684835846	4.06	0.0001	0.0001
3YX63NZD	arca	0.0001	2.47	0.3333	0.0001
3YX63NZD	tim hecker	0.2537309224665165	2.15	0.0833	0.0001
40SNDKQR	george harrison	0.0001	4.03	0.0001	0.0001
40SNDKQR	taylor swift	0.3656887563224336	4.03	0.1	0.0001
40SNDKQR	john lennon	0.4157287142569734	3.55	0.0833	0.0001
40SNDKQR	lana del rey	0.3574569486641118	3.35	0.0833	0.0001
40SNDKQR	billie eilish	0.3502523535758386	2.25	0.1429	0.0001
40SNDKQR	alex turner	0.2792147736666268	4.05	0.0909	0.0001
40SNDKQR	win butler	0.1568994380073624	4.06	0.0001	0.0001
40SNDKQR	adam levine	0.1388090327654332	3.43	0.1111	0.0001
40SNDKQR	bad bunny	0.0340925245497988	3.87	0.0001	0.0001
40SNDKQR	lady gaga	0.2300721263466257	3.57	0.1	0.0001
40SNDKQR	cher	0.3848066388930166	3.36	0.1	0.0001
476LZI3N	kali uchis	0.0001	1.58	0.0001	0.0001
476LZI3N	noriel	0.2856506239972356	0.0001	0.0001	0.0001
476LZI3N	bad bunny	0.2460560122257634	3.87	0.2222	0.0001
476LZI3N	silvestre y la naranja	0.1674524789071196	1.43	0.0001	0.0001
476LZI3N	bandalos chinos	0.3127614517889852	0.0001	0.0001	0.0001
476LZI3N	doja cat	0.1365483445660162	1.8	0.0001	0.0001
476LZI3N	miley cyrus	0.1689576991253183	3.37	0.1818	0.0001
476LZI3N	sabrina carpenter	0.2802533526457933	3.22	0.0001	0.0001
476LZI3N	trap capos	0.1771006534273338	1.87	0.1111	0.0001
476LZI3N	maluma	0.1709250195755263	1.84	0.0001	0.0001
476LZI3N	el alfa	0.1660714916659448	3.06	0.0001	0.0001
476LZI3N	olivia rodrigo	0.2191732726065305	3.17	0.1	0.0001
4CA4DFWP	mitski	0.0001	1.6	0.0001	0.0001
4CA4DFWP	phoebe bridgers	0.1982412715849206	1.69	0.2	0.0001
4CA4DFWP	michael jackson	0.1045881135422897	4.46	0.1	0.0001
4CA4DFWP	sabrina carpenter	0.329165553531874	3.22	0.0001	0.0001
4CA4DFWP	green day	0.2397833235613451	5.07	0.2	0.0001
4CA4DFWP	nirvana	0.4278509093364706	3.37	0.1	0.0001
4CA4DFWP	justin bieber	0.3538368808572227	3.61	0.0001	0.0001
4CA4DFWP	billy joel	0.3477424754091898	3.81	0.0909	0.0001
4CA4DFWP	pinkpantheress	0.1760432914431952	0.0001	0.0909	0.0001
4CA4DFWP	boygenius	0.4678518555477606	0.0001	0.0001	0.0
4CA4DFWP	lucy dacus	0.1834527129707721	1.76	0.1	0.0001
4CA4DFWP	beyoncé	0.2576375362663958	3.37	0.1818	0.0001
4CA4DFWP	rihanna	0.5697844548224559	3.46	0.0001	0.0001
56M8U5A5	bad bunny	0.0001	3.87	0.0001	0.0001
56M8U5A5	rauw alejandro	0.1448795080909369	0.0001	0.0001	0.0001
56M8U5A5	jhayco	0.1539380040518714	0.0001	0.0833	0.0001
56M8U5A5	myke towers	0.3040552282401334	1.94	0.0833	0.0001
56M8U5A5	rosalía	0.2687287083642771	1.07	0.0909	0.0001
56M8U5A5	karol g	0.1887094014237404	2.59	0.0769	0.0001
56M8U5A5	becky g	0.5274707846159055	3.61	0.2308	0.0001
56M8U5A5	justin bieber	0.2350107804835979	3.61	0.1111	0.0001
56M8U5A5	playboi carti	0.3781046297781369	1.69	0.125	0.0001
56M8U5A5	jid	0.2330457068365468	1.72	0.1	0.0001
56M8U5A5	j. cole	0.2521879765133574	4.12	0.0001	0.0001
56M8U5A5	drake	0.4218508913580443	3.96	0.1	0.0001
56M8U5A5	john lennon	0.2757710108765342	3.55	0.3333	0.0001
56M8U5A5	esdeekid	0.1537489784032553	0.0001	0.0833	0.0001
5K82MZW1	queen	0.0001	4.86	0.0001	0.0001
5K82MZW1	taylor swift	0.35554533344838	4.03	0.0001	0.0001
5K82MZW1	beyoncé	0.5048553796130147	3.37	0.0909	0.0001
5K82MZW1	gerard way	0.2864431868710435	3.68	0.1333	0.0001
5K82MZW1	nirvana	0.2303890880414663	3.37	0.0001	0.0001
5K82MZW1	panic at the disco	0.3252055807425866	3.66	0.0909	0.0001
5K82MZW1	patrick stump	0.4300786270245027	3.4	0.0909	0.0001
5K82MZW1	maroon five	0.2745043158244911	3.35	0.0001	0.0001
5K82MZW1	rihanna	0.2597406288388126	3.46	0.0833	0.0001
5K82MZW1	lorde	0.4283033811595671	3.16	0.0833	0.11111330457643984
5K82MZW1	pinkpantheress	0.106065701641589	0.0001	0.0001	0.008135582215644841
5K82MZW1	kanye	0.2508350185956568	3.77	0.0001	-0.0033886559689347206
64LRAXDJ	halsey	0.0001	3.02	0.0001	0.0001
64LRAXDJ	onerepublic	0.4270527833051727	2.14	0.0001	-0.004000817734547034
64LRAXDJ	one direction	0.434375547926469	4.92	0.0909	0.0001
64LRAXDJ	twenty one pilots	0.4457640757051092	4.0	0.05	0.0001
64LRAXDJ	florence + the machine	0.2382000298880686	3.91	0.05	0.0001
64LRAXDJ	lord huron	0.1493766488320105	3.16	0.0001	0.0001
64LRAXDJ	of monsters and men	0.3185879011514008	4.15	0.0001	0.0001
64LRAXDJ	elvis presley	0.2511135432433659	3.15	0.0001	0.0001
64LRAXDJ	david kushner	0.2195749966014255	2.99	0.125	0.0001
6CDVQX7L	johann sebastian bach	0.0001	3.07	0.0001	0.0001
6CDVQX7L	mozart	0.592421461950367	3.42	0.1667	0.0001
6CDVQX7L	beethoven	0.7581627566193179	3.41	0.0833	0.00012979493437877463
6D26ZXC8	neil armstrong	0.0001	3.71	0.0001	0.0001
6D26ZXC8	charlie parker	0.3352465763090106	4.02	0.0001	0.0001
6D26ZXC8	taylor swift	0.3234306341921824	4.03	0.0001	0.0001
6D26ZXC8	david gray	0.2397419943072589	4.37	0.2727	0.0001
6D26ZXC8	robin skinner	0.3045572698783321	3.44	0.0909	0.0001
6D26ZXC8	kathleen edwards	0.3619583329382265	3.47	0.2	0.0001
6D26ZXC8	aimee mann	0.4334638045140286	2.92	0.0001	0.0001
6PJDUW9O	queen	0.0001	4.86	0.0001	0.0001
6PJDUW9O	olivia dean	0.1524817308623353	3.73	0.2	0.0001
6PJDUW9O	taylor swift	0.3600634383732296	4.03	0.0001	0.0001
6PJDUW9O	led zeppelin	0.3722254614278951	3.28	0.25	0.0001
6PJDUW9O	lil wayne	0.2871807781995956	3.76	0.0001	0.0001
6PJDUW9O	lil pump	0.566196566618221	3.73	0.125	0.0001
6PJDUW9O	nicki minaj	0.4301150322543843	2.91	0.0001	0.0001
6PJDUW9O	cardi b	0.3208757614435282	2.77	0.1667	0.0001
6PJDUW9O	bop kosher	0.0633200801700016	3.0	0.1538	0.0001
6PJDUW9O	kanye west	0.0413132209813369	3.76	0.0769	0.0001
6PJDUW9O	luke combs	0.2707447717735809	3.15	0.0001	0.0001
6PJDUW9O	p. diddy	0.3039377984920921	2.97	0.1111	0.0001
6PJDUW9O	kesha	0.4317715327166375	2.68	0.1111	0.0001
6PJDUW9O	j. lo	0.2317576830888807	4.02	0.0001	0.0001
6PJDUW9O	noah kahan	0.0715685799598705	2.23	0.125	0.0001
6PJDUW9O	yeet	0.0060744718204815	2.51	0.1111	0.0001
6PJDUW9O	kendrick lamar	0.1285369943140548	3.21	0.1111	0.0001
6PJDUW9O	drake	0.4469758211502341	3.96	0.1111	0.0001
6VBV95IL	lizzy mcalpine	0.0001	2.4	0.0001	0.0001
6VBV95IL	elliott smith	0.1869644506078951	3.76	0.0001	0.0001
6VBV95IL	kanye west	0.2893722425838259	3.76	0.1	0.0001
6VBV95IL	taylor swift	0.5076760589811775	4.03	0.125	0.0001
6VBV95IL	mozart	0.3120301070405411	3.42	0.0001	0.0001
6VBV95IL	beethoven	0.7581627566193179	3.41	0.0833	0.15711227919989257
6VBV95IL	frank ocean	0.2999023737572059	4.42	0.1	0.0001
6VBV95IL	cardi b	0.2700509316058977	2.77	0.1	0.0001
6VBV95IL	tame impala	0.2138741272367449	2.94	0.0001	0.0001
6VBV95IL	fleetwood mac	0.4033979108103769	3.11	0.1538	0.0001
6VBV95IL	james taylor	0.3588546788107111	4.52	0.2222	0.0001
6VBV95IL	olivia rodrigo	0.2431955005483002	3.17	0.25	0.0001
6VBV95IL	chance the rapper	0.1531947195004104	3.94	0.125	0.0001
6XD6NVVO	taylor swift	0.0001	4.03	0.0001	0.0001
6XD6NVVO	john lennon	0.4157287142569734	3.55	0.0833	0.0001
6XD6NVVO	pinkpantheress	0.0705302380235064	0.0001	0.0001	0.0001
6XD6NVVO	mozart	0.1039916862108319	3.42	0.0833	0.0
6XD6NVVO	bts	0.2827278979609708	3.27	0.1667	-0.001846499301009838
6XD6NVVO	chappell roan	0.2095930225575195	2.5	0.0001	0.0001
6XD6NVVO	ariana grande	0.0332792172078874	3.09	0.0001	0.0001
6XD6NVVO	elton john	0.3265200845606395	3.39	0.0001	0.0001
6XD6NVVO	billy joel	0.5639152267568956	3.81	0.1667	0.0001
6XD6NVVO	cardi b	0.1653411717708498	2.77	0.0909	0.0001
73N2RQWR	selena gomez	0.0001	3.08	0.0001	0.0001
73N2RQWR	shawn mendes	0.3549831693915275	3.12	0.2857	0.0001
73N2RQWR	camila cabello	0.3827090423761057	2.44	0.1429	0.0001
73N2RQWR	selena gomez	0.4482367565025382	3.08	0.1667	0.0001
73N2RQWR	bridgit mendler	0.5447063445678656	1.51	0.1667	0.0001
73N2RQWR	billie eilish	0.2869634259580507	2.25	0.0001	0.0001
73N2RQWR	ariana grande	0.2368278019587634	3.09	0.0001	0.0001
73N2RQWR	doja cat	0.164064844792803	1.8	0.1818	0.0001
73N2RQWR	travis scott	0.090547929197339	3.93	0.1818	0.0001
73N2RQWR	kendrick lamar	0.4318865234995563	3.21	0.0001	0.0001
73N2RQWR	drake	0.4469758211502341	3.96	0.1111	0.0001
73N2RQWR	snoop dogg	0.3607299292201654	2.96	0.1111	0.0001
73N2RQWR	katy perry	0.3263013211272985	3.55	0.0001	0.0001
73N2RQWR	kali uchis	0.2204176267221812	1.58	0.1111	0.0001
7SUXPU9Y	motley crue	0.0001	2.12	0.0001	0.0001
7SUXPU9Y	my chemical romance	0.4437317491194099	4.12	0.1818	0.0001
7SUXPU9Y	elliott smith	0.3123056398336312	3.76	0.05	0.0001
7SUXPU9Y	the beatles	0.3127225358219787	3.88	0.05	0.0001
7SUXPU9Y	los ángeles azules	0.2554984820117081	1.21	0.0001	0.0001
7SUXPU9Y	don omar	0.2602034886173316	3.69	0.0001	0.0001
7SUXPU9Y	pitbull	0.3317388219793087	3.08	0.0909	0.0001
7SUXPU9Y	shakira	0.4138693598207714	2.96	0.1111	0.023740241703443583
7SUXPU9Y	beyoncé	0.4943502947453856	3.37	0.0001	0.0001
7SUXPU9Y	kali uchis	0.2893164186625256	1.58	0.0909	0.0001
7SUXPU9Y	dance gavin dance	0.1821532359883375	3.69	0.1429	0.0001
7SUXPU9Y	thalía	0.18894418049555	0.0001	0.1538	0.0001
86EKSDZC	the kid laroi	0.0001	1.12	0.0001	0.0001
86EKSDZC	justin bieber	0.2750215406333971	3.61	0.1	0.0001
86EKSDZC	nicki minaj	0.4719070910931229	2.91	0.0001	0.0001
86EKSDZC	cardi b	0.3208757614435282	2.77	0.1667	0.0001
86EKSDZC	selena gomez	0.258149946222876	3.08	0.0001	0.0001
86EKSDZC	doja cat	0.1492523132669251	1.8	0.2727	0.0001
86EKSDZC	ariana grande	0.164064844792803	3.09	0.1818	0.0001
86EKSDZC	ava max	0.2286908437805443	3.46	0.0001	0.0001
86EKSDZC	taylor swift	0.1885047648554368	4.03	0.0001	0.0001
86EKSDZC	noah kahan	0.2074310721832745	2.23	0.0001	0.0001
86EKSDZC	dolly parton	0.1845723741912813	2.91	0.0001	0.0001
86EKSDZC	central cee	0.1063123219434559	2.96	0.0001	0.0001
86EKSDZC	eminem	0.0448034118089599	3.34	0.0001	0.0001
86EKSDZC	kendrick lamar	0.4752915742589492	3.21	0.125	0.0001
86EKSDZC	drake	0.4469758211502341	3.96	0.1111	0.0001
86EKSDZC	lil yachty	0.3966033237554636	2.15	0.1111	0.0001
86EKSDZC	lil baby	0.6455602382235005	3.86	0.0001	0.0001
86EKSDZC	dababy	0.1268245810338034	1.68	0.1429	0.0001
86EKSDZC	dua lipa	0.1728927580400988	2.34	0.125	0.0001
86EKSDZC	blackpink	0.421234219051926	2.2	0.125	0.0001
86EKSDZC	twice	0.1203469222854851	4.84	0.0001	0.0
8BL6X7AX	don toliver	0.0001	1.89	0.0001	0.0001
8BL6X7AX	masego	0.2555053323654006	1.24	0.0001	0.0001
8BL6X7AX	drake	0.2842352703648444	3.96	0.1111	0.0
8BL6X7AX	rihanna	0.4083123723163122	3.46	0.0833	0.0067921383913469935
8BL6X7AX	bobby shmurda	0.3979438107093842	1.5	0.0001	0.0001
8BL6X7AX	lil tecca	0.513920546285771	1.15	0.125	0.0001
8BL6X7AX	lil baby	0.7757735938875765	3.86	0.1429	0.0001
8BL6X7AX	the backseat lovers	0.2837779057753566	3.15	0.0001	0.0001
8BL6X7AX	harry styles	0.1443986609938011	4.22	0.1667	0.0001
8BL6X7AX	taylor swift	0.4906219559356279	4.03	0.0001	0.0001
8BL6X7AX	caleb	0.2871372218337975	3.52	0.0001	0.0001
8JEQ20SU	taylor swift	0.0001	4.03	0.0001	0.0001
8JEQ20SU	bruno mars	0.5388800497413618	3.68	0.0001	0.0001
8JEQ20SU	the weeknd	0.4469926540319828	2.66	0.0001	0.0001
8JEQ20SU	harry styles	0.3980177515850736	4.22	0.0833	0.0001
8JEQ20SU	lady gaga	0.3433965686374869	3.57	0.0833	0.0001
8JEQ20SU	katy perry	0.5665163836967785	3.55	0.0001	0.0001
8JEQ20SU	olivia rodrigo	0.25925707698187	3.17	0.2222	0.0001
8JEQ20SU	adele	0.2738311609525099	3.45	0.0001	0.0001
8PAKX1OM	billie eilish	0.0001	2.25	0.0001	0.0001
8PAKX1OM	finneas	0.2422030713767833	1.3	0.0001	0.0001
8PAKX1OM	olivia rodrigo	0.2003334176541233	3.17	0.0001	0.0001
8PAKX1OM	taylor swift	0.3352836559991663	4.03	0.0001	0.0001
8PAKX1OM	haim	0.2854291860144438	2.73	0.2	0.0001
8PAKX1OM	the jonas brothers	0.3350156327166942	3.69	0.2	0.0001
8PAKX1OM	lizzy mcalpine	0.2257157500573203	2.4	0.2	0.0001
8PAKX1OM	yana	0.331180621824811	2.47	0.0001	0.0001
8PAKX1OM	the goo goo dolls	0.270442081034564	3.03	0.0001	0.0001
8PAKX1OM	perry	0.1974849165453869	4.22	0.0909	0.0001
8PAKX1OM	amber riley	0.2070516570528811	3.63	0.1538	0.0001
8PAKX1OM	kevin mchale	0.2054809926095693	2.67	0.0769	0.0001
8PAKX1OM	lai michale	0.3010993028057898	1.63	0.0769	0.0001
8PAKX1OM	jonathan gross	0.0911197241943373	4.07	0.0001	0.0001
8ZC5BFHF	role model	0.0001	4.84	0.0001	0.0001
8ZC5BFHF	lorde	0.1411825080214618	3.16	0.1	0.0001
8ZC5BFHF	taylor swift	0.446647409634896	4.03	0.1	0.0001
8ZC5BFHF	ed sheeran	0.5043759905307956	3.07	0.125	0.0001
8ZC5BFHF	caamp	0.1422889918947705	0.0001	0.0001	0.0001
8ZC5BFHF	sumbuck	0.4727258861739993	0.0001	0.0001	0.0
8ZC5BFHF	mt. joy	0.2041793356432906	3.99	0.0909	0.0001
8ZC5BFHF	sammy rae & the friends	0.1318790857869813	3.23	0.0909	0.0001
8ZC5BFHF	lake street dive	0.1697793924412699	4.02	0.0001	0.0001
8ZC5BFHF	couch	0.126390898085845	4.17	0.1429	0.0001
8ZC5BFHF	melt	0.2209529345648968	3.96	0.1429	0.02618688747045132
8ZC5BFHF	sierra ferrell	0.109594883040621	2.94	0.0001	0.0001
8ZC5BFHF	conan gray	0.3542651338340468	3.37	0.1818	0.0001
8ZC5BFHF	sabrina carpenter	0.1659953479936512	3.22	0.2727	0.0001
8ZC5BFHF	ariana grande	0.2753516456624583	3.09	0.125	0.0001
8ZC5BFHF	drake	0.3883577524569092	3.96	0.0001	0.0001
8ZC5BFHF	kendrick lamar	0.4469758211502341	3.21	0.1111	0.0001
8ZC5BFHF	kanye west	0.4725013662690791	3.76	0.0001	0.0001
97N7CQ49	taylor swift	0.0001	4.03	0.0001	0.0001
97N7CQ49	harry styles	0.4906219559356279	4.22	0.0001	0.0001
97N7CQ49	billie eilish	0.2717308982283759	2.25	0.0833	0.0001
97N7CQ49	bad bunny	0.1173860748375923	3.87	0.0001	0.0001
97N7CQ49	kendrick lamar	0.0684436777365199	3.21	0.2222	0.0001
97N7CQ49	drake	0.4469758211502341	3.96	0.1111	0.0001
97N7CQ49	sia	0.289524827810421	3.11	0.1111	0.021617869180029108
97N7CQ49	selena gomez	0.2145878867350555	3.08	0.1667	0.0001
97N7CQ49	sabrina carpenter	0.3518713549386081	3.22	0.0001	0.0001
9KZ4Q91O	bach	0.0001	3.53	0.0001	0.0001
9KZ4Q91O	strauss	0.4738287764586777	3.48	0.0001	0.017149684131469046
9KZ4Q91O	debussy	0.3684524194221028	2.57	0.0667	-0.000313830684850008
9KZ4Q91O	mozart	0.5836840942784993	3.42	0.2	0.0008767790788879252
9KZ4Q91O	vivaldi	0.5292205785688493	2.58	0.0833	0.008087424644433582
9KZ4Q91O	beethoven	0.5121590793292625	3.41	0.25	0.0004413936506658539
9KZ4Q91O	philip glass	0.3534284060911845	4.18	0.1667	0.0001
9KZ4Q91O	tchaikovsky	0.3391305841516011	2.75	0.0833	0.0001
9KZ4Q91O	mendelssohn	0.6168065216478156	2.72	0.0769	0.0
9KZ4Q91O	twoset violin	0.4383968478335983	0.0001	0.0769	0.0001
9O2ABUMY	ariana grande	0.0001	3.09	0.0001	0.0001
9O2ABUMY	whitney houston	0.396826605367864	3.64	0.1429	0.0001
9O2ABUMY	beyoncé	0.4084349261517878	3.37	0.0001	0.0001
9O2ABUMY	stevie wonder	0.4568913888227345	3.64	0.0001	0.0001
9O2ABUMY	rihanna	0.3765693388612301	3.46	0.0001	0.0001
9O2ABUMY	prince	0.2947045217412263	4.72	0.0001	-0.0002753610886724165
9O2ABUMY	michael jackson	0.4987346770497147	4.46	0.0001	0.0001
9O2ABUMY	bruno mars	0.4490361264652216	3.68	0.0001	0.0001
A5YUTA1F	drake	0.0001	3.96	0.0001	0.0001
A5YUTA1F	mozart	0.233296099182361	3.42	0.1667	0.04283274046745686
A5YUTA1F	avicii	0.3248405819540825	2.5	0.0833	0.04943051287259884
A5YUTA1F	the eagles	0.2177431076544079	4.22	0.0909	0.0001
A5YUTA1F	the beatles	0.4889351633431548	3.88	0.0001	0.0001
A5YUTA1F	taylor swift	0.4213451515267703	4.03	0.0001	0.0001
A5YUTA1F	*nsync	0.3844727961656931	2.33	0.1333	0.0001
A5YUTA1F	major lazer	0.3198920021985287	2.7	0.0001	0.0001
AJVNZ9CE	sabrina carpenter	0.0001	3.22	0.0001	0.0001
AJVNZ9CE	future	0.0287932753284989	5.33	0.125	0.0001
AJVNZ9CE	drake	0.2418006652181082	3.96	0.0001	-0.003672676789146316
AJVNZ9CE	kendrick lamar	0.4469758211502341	3.21	0.1111	0.0001
AJVNZ9CE	bad bunny	0.0684436777365199	3.87	0.2222	0.0001
AJVNZ9CE	taylor swift	0.1429111480485143	4.03	0.0001	0.0001
AJVNZ9CE	gracie abrams	0.2826875374254269	3.01	0.1	0.0001
AJVNZ9CE	lil uzi vert	0.1109231369756651	2.66	0.2	0.0001
AJVNZ9CE	fleetwood mac	0.1511039367165455	3.11	0.1111	0.0001
AJVNZ9CE	luke combs	0.3058745537570642	3.15	0.0001	0.0001
AJVNZ9CE	the eagles	0.3253988852861065	4.22	0.1818	0.0001
AJVNZ9CE	the beatles	0.4889351633431548	3.88	0.0001	0.0001
AJVNZ9CE	the chicks	0.3728733895771031	3.87	0.0001	0.0001
AJVNZ9CE	lil yachty	0.2363312206120172	2.15	0.0001	0.0001
AJVNZ9CE	41	0.0456061848441435	4.82	0.0001	0.0001
AJVNZ9CE	pop smoke	0.0001	4.46	0.0001	0.0001
AJVNZ9CE	ynw melly	0.0578457856977324	1.09	0.1818	0.0001
AWO2EA8Q	elvis presley	0.0001	3.15	0.0001	0.0001
AWO2EA8Q	elton john	0.4542959795673914	3.39	0.1667	0.0001
AWO2EA8Q	noah kahan	0.2292493467021581	2.23	0.0833	0.0001
AWO2EA8Q	taylor swift	0.2074310721832745	4.03	0.0001	0.0001
AWO2EA8Q	katy perry	0.5944985441309765	3.55	0.0001	0.0001
AWO2EA8Q	beyoncé	0.4836571752941061	3.37	0.0909	0.0001
AWO2EA8Q	the beatles	0.3816760084466134	3.88	0.0909	0.0001
AWO2EA8Q	sammy rae	0.1797324596438106	3.24	0.0625	0.0001
AWO2EA8Q	del water gap	0.1079503227278897	4.07	0.0625	0.0001
AWO2EA8Q	shakira	0.1354240092794763	2.96	0.0001	0.0001
B3MZX5TF	drake	0.0001	3.96	0.0001	0.0001
B3MZX5TF	morgan wallen	0.2301532754790605	2.07	0.0001	0.0001
B3MZX5TF	stapleton	0.1664248948259692	2.91	0.1429	0.0001
B3MZX5TF	sam barber	0.2953787344911496	3.75	0.1	0.0001
B3MZX5TF	bob dylan	0.2824358504735135	3.95	0.0001	0.0001
B3MZX5TF	liszt	0.2735721569765927	2.68	0.1765	0.0001
B3MZX5TF	mozart	0.5837245834096061	3.42	0.1765	0.16347166281479422
B3MZX5TF	bob seger	0.2838655982044258	2.33	0.1667	0.0001
B3MZX5TF	johnny cash	0.5133902561692002	4.25	0.1765	0.0001
B3MZX5TF	paul mccartney	0.3728572818102251	3.51	0.0588	0.0001
B3MZX5TF	cat stevens	0.3476390441553838	3.92	0.0001	0.0001
B3MZX5TF	lenny kravitz	0.3551242555237869	2.66	0.0001	0.0001
B3MZX5TF	pink floyd	0.2722310204421206	3.75	0.0714	0.0001
B3MZX5TF	jack johnson	0.37314662746681	4.47	0.1429	0.0001
B3MZX5TF	oasis	0.3660358738581188	3.56	0.125	0.0001
B3MZX5TF	mt. joy	0.2627154089071559	3.99	0.0001	0.0001
BF3MN8ZR	amy winehouse	0.0001	2.72	0.0001	0.0001
BF3MN8ZR	michael jackson	0.4659644263904098	4.46	0.2	0.0001
BF3MN8ZR	madonna	0.5089863295850968	3.73	0.1	0.0001
BF3MN8ZR	after 7	0.0490077450958822	5.44	0.2222	0.0001
BF3MN8ZR	prince	0.0001	4.72	0.125	0.0001
BF3MN8ZR	the beatles	0.3132605864953454	3.88	0.125	0.0001
BF3MN8ZR	aretha franklin	0.3723541350552607	2.78	0.0001	0.0001
BF3MN8ZR	arca	0.1350979293330922	2.47	0.0001	0.0001
BF3MN8ZR	whitney houston	0.0736282006110654	3.64	0.0001	0.0001
BF3MN8ZR	stromae	0.2338025985863552	1.73	0.0714	0.0001
BF3MN8ZR	mariah carey	0.3053108105084348	3.09	0.125	0.0001
BF3MN8ZR	the beach boys	0.3115308205391545	4.67	0.2222	0.0001
BWQ1ZSYD	beyoncé	0.0001	3.37	0.0001	0.0001
BWQ1ZSYD	rihanna	0.5697844548224559	3.46	0.0001	0.0001
BWQ1ZSYD	sza	0.4913500684995068	2.11	0.0833	-0.005560438512500498
BWQ1ZSYD	rosé	0.2899072236411714	2.76	0.125	0.0001
BWQ1ZSYD	lady gaga	0.2277530576850482	3.57	0.1	0.0001
BWQ1ZSYD	coldplay	0.3810787956742096	3.05	0.1	0.0001
BWQ1ZSYD	the smashing pumpkins	0.3846636127227656	3.06	0.125	0.0001
BWQ1ZSYD	david bowie	0.332401791311141	3.53	0.0001	0.0001
BWQ1ZSYD	elton john	0.4696402864138851	3.39	0.0833	0.0001
BWQ1ZSYD	john legend	0.4792448774639546	4.39	0.1667	0.0001
BWQ1ZSYD	ariana grande	0.2153105124673262	3.09	0.0001	0.0001
CI6QQA2Y	shakira	0.0001	2.96	0.0001	0.0001
CI6QQA2Y	selena gomez	0.4194878395998531	3.08	0.0001	0.0001
CI6QQA2Y	katy perry	0.4873551667136215	3.55	0.2222	0.0001
CI6QQA2Y	taylor swift	0.5944985441309765	4.03	0.0001	0.0001
CI6QQA2Y	drake	0.3922566256990304	3.96	0.0001	0.0001
CI6QQA2Y	pitbull	0.2565042892970401	3.08	0.1111	-0.005068039935906748
CI6QQA2Y	twenty one pilots	0.1992939812125194	4.0	0.15	0.0001
CI6QQA2Y	fall out boy	0.3887228428759941	4.84	0.1	0.0001
CI6QQA2Y	harry styles	0.3334053577878921	4.22	0.1667	0.0001
CI6QQA2Y	macklemore	0.2879047795761764	2.88	0.0001	0.0001
CI6QQA2Y	ryan lewis	0.3447177288125648	4.23	0.0001	0.0001
CI6QQA2Y	glass animals	0.2358297104788429	4.54	0.0833	0.0001
DUBYYHYX	bob dylan	0.0001	3.95	0.0001	0.0001
DUBYYHYX	bach	0.2363575585096519	3.53	0.0714	0.0001
DUBYYHYX	beethoven	0.6213489808165493	3.41	0.0001	0.008235426908310896
DUBYYHYX	mozart	0.7581627566193179	3.42	0.0833	0.011579770150918472
DUBYYHYX	taylor swift	0.3120301070405411	4.03	0.0001	0.0001
DUBYYHYX	katy perry	0.5944985441309765	3.55	0.0001	0.0001
DUBYYHYX	kurt cobain	0.4046287846386562	2.93	0.1429	0.0001
DUBYYHYX	nicki minaj	0.2968339600092664	2.91	0.1429	0.0001
DUBYYHYX	charlotte sands	0.2688660767538753	3.67	0.1111	0.0001
DUBYYHYX	brian butcher	0.1782649748989186	3.67	0.0001	0.0001
DUBYYHYX	gerard way	0.2234545886132898	3.68	0.3333	0.0001
DUBYYHYX	frank iero	0.6636682700640327	1.44	0.1333	0.0001
EA8GWQDV	lana del rey	0.0001	3.35	0.0001	0.0001
EA8GWQDV	miley cyrus	0.3998040507924882	3.37	0.0001	0.0001
EA8GWQDV	billy ray cyrus	0.665202101584856	3.67	0.1667	0.0001
EA8GWQDV	bad bunny	0.0630827243098928	3.87	0.0001	0.0001
EA8GWQDV	rosalía	0.1692915159453583	1.07	0.0909	0.0001
EA8GWQDV	neil halstead	0.2388428565146542	2.6	0.0909	0.0001
EA8GWQDV	pink floyd	0.3446994136716648	3.75	0.0001	0.0001
EA8GWQDV	adrianne lenker	0.1758785978140492	1.02	0.125	0.0001
EA8GWQDV	radiohead	0.0850577071046596	3.05	0.1	0.0001
EA8GWQDV	sammy copley	0.1978344147013748	2.76	0.0909	0.0001
EA8GWQDV	katy perry	0.1827742434840701	3.55	0.0909	0.0001
EA8GWQDV	carrie underwood	0.432943984157072	3.29	0.0001	0.0001
EA8GWQDV	kelly clarkson	0.6344411630841292	3.43	0.1	0.0001
EA8GWQDV	lil nas x	0.170120643262664	3.36	0.0909	0.0001
ESNMRF10	sosa	0.0001	2.95	0.0001	0.0001
ESNMRF10	kendrick lamar	0.2723510399759634	3.21	0.0001	0.0001
ESNMRF10	drake	0.4469758211502341	3.96	0.1111	0.0001
ESNMRF10	chopin	0.0895382140583039	2.94	0.0833	-0.0046551803956201235
ESNMRF10	mozart	0.6557958196337376	3.42	0.1667	0.03057494133012176
ESNMRF10	bach	0.679274711675441	3.53	0.0001	0.07555929087643366
ESNMRF10	beethoven	0.6213489808165493	3.41	0.0001	0.2023099955577874
ESNMRF10	joan baez	0.3379142036894229	2.87	0.1667	0.0001
ESNMRF10	bob dylan	0.4837663634988891	3.95	0.2143	0.0001
ESNMRF10	john lennon	0.5399343453723872	3.55	0.2143	0.0001
ESNMRF10	ringo starr	0.5955987873306968	2.97	0.1667	0.0001
FDULT82W	sza	0.0001	2.11	0.0001	0.0001
FDULT82W	doja cat	0.1452008776007094	1.8	0.1818	0.0001
FDULT82W	doja cat	1.0	1.8	1.0	0.0001
FDULT82W	kendrick lamar	0.1350820200993532	3.21	0.1818	0.0001
FDULT82W	kali uchis	0.2114290469254045	1.58	0.0001	0.0001
FDULT82W	amy winehouse	0.1894597596489046	2.72	0.0001	0.0001
FDULT82W	adele	0.5342603640812856	3.45	0.0001	0.0001
FDULT82W	beyoncé	0.4404427779669347	3.37	0.1818	0.0001
FDULT82W	jay-z	0.6006140056960768	4.12	0.0909	0.0001
FJYUEQN8	taylor swift	0.0001	4.03	0.0001	0.0001
FJYUEQN8	harry styles	0.4906219559356279	4.22	0.0001	0.0001
FJYUEQN8	yo-yo ma	0.1376634625011499	4.03	0.0833	0.0001
FJYUEQN8	surfaces	0.0577655578684209	4.02	0.1111	0.0001
FJYUEQN8	eminem	0.1038499923735531	3.34	0.0001	0.002976945322786287
FJYUEQN8	amy winehouse	0.3823769420280256	2.72	0.125	0.0001
FJYUEQN8	madonna	0.4912744370321933	3.73	0.1111	0.0001
FJYUEQN8	liz mcalpine	0.3009368416032717	2.49	0.0001	0.0001
FJYUEQN8	vacations	0.0001	3.51	0.0001	0.0001
FJYUEQN8	duke ellington	0.0906770782850762	2.99	0.2222	0.0001
FJYUEQN8	albert ayler	0.3006568680610357	1.67	0.0909	0.0001
FJYUEQN8	donny hathaway	0.263270231505101	2.97	0.0909	0.0001
FJYUEQN8	ronnie singer	0.2575766587864735	3.64	0.2222	0.0001
FJYUEQN8	weldon irvine	0.1728958690230693	2.73	0.1818	0.0001
FJYUEQN8	frank sinatra	0.196057877759858	3.25	0.1429	0.0001
FJYUEQN8	freddie armstrong	0.4282804998528717	3.52	0.2857	0.0001
FYE2JV3H	ludwig van beethoven	0.0001	3.05	0.0001	0.0001
FYE2JV3H	michael jackson	0.2872696253155227	4.46	0.0001	0.0001
FYE2JV3H	the beatles	0.4194440857242363	3.88	0.1	0.0001
FYE2JV3H	elvis presley	0.4809579684193766	3.15	0.1429	0.0001
FYE2JV3H	the rolling stones	0.4472848045030041	4.08	0.0001	0.0001
G8B6AJJV	aretha franklin	0.0001	2.78	0.0001	0.0001
G8B6AJJV	adam levine	0.3250139524266779	3.43	0.0769	0.0001
G8B6AJJV	stevie wonder	0.3500873052901448	3.64	0.0833	0.0001
G8B6AJJV	ozzy osbourne	0.4118405358164203	2.74	0.0001	0.0001
G8B6AJJV	lenny kravitz	0.4434399515969469	2.66	0.0001	0.0001
G8B6AJJV	kelly clarkson	0.3189931699963771	3.43	0.0001	0.0001
G8B6AJJV	nelly	0.4256810471831673	3.16	0.0833	0.0001
G8B6AJJV	kelly rowland	0.4803337541193814	3.26	0.0833	0.0001
G8B6AJJV	beyoncé	0.5724232510098726	3.37	0.0001	0.0001
G8B6AJJV	jay-z	0.6006140056960768	4.12	0.0909	0.0001
G8B6AJJV	nas	0.560055712691347	3.53	0.2	0.0
G8B6AJJV	eminem	0.5218830160860732	3.34	0.0001	0.007119072178487102
G8B6AJJV	lil wayne	0.5710501009327165	3.76	0.0001	0.0001
GNLFFB4P	taylor swift	0.0001	4.03	0.0001	0.0001
GNLFFB4P	noah kahan	0.2074310721832745	2.23	0.0001	0.0001
GNLFFB4P	bazzi	0.0974914360535718	1.72	0.1	0.0001
GNLFFB4P	dominic fike	0.175334064215704	1.77	0.05	0.0001
GNLFFB4P	ella langley	0.2747827609830309	3.19	0.1429	0.0001
GNLFFB4P	kelsea ballerini	0.2190539972159921	1.39	0.1667	0.0001
GNLFFB4P	clairo	0.4342054678002929	1.24	0.0001	0.0001
GNLFFB4P	foster the people	0.2255409008640305	4.32	0.0001	0.0001
GNLFFB4P	zach bryan	0.2046139256017757	3.56	0.1111	0.0001
GNLFFB4P	megan moroney	0.3201654392900799	1.87	0.1111	0.0001
GNLFFB4P	a$ap rocky	0.1608910293295604	3.96	0.0001	0.0001
GNLFFB4P	florence + the machine	0.2818038234049493	3.91	0.0001	0.0001
GNLFFB4P	kacey musgraves	0.3482701090385393	2.02	0.1176	0.0001
GNLFFB4P	lorde	0.5184425207715624	3.16	0.1765	0.0001
GNLFFB4P	mt. joy	0.1665302664087218	3.99	0.0909	0.0001
GNLFFB4P	caamp	0.3158171763765227	0.0001	0.0909	0.0001
H6D2C4VR	bach	0.0001	3.53	0.0001	0.0001
H6D2C4VR	brahms	0.6444351327677744	2.9	0.0001	0.0
H6D2C4VR	mozart	0.6674573751808116	3.42	0.1667	0.0
H6D2C4VR	casadesus	0.1481629566739593	0.0001	0.0833	0.0
H6D2C4VR	corelli	0.5943501416827207	2.19	0.0001	0.0
H6D2C4VR	vivaldi	0.2467909107374615	2.58	0.0001	0.0
H6D2C4VR	bohm	0.0851040428864092	2.41	0.2	0.038117913351373815
H6D2C4VR	rachmaninoff	0.1677991392855962	2.23	0.1	-0.0002631951810862242
H6D2C4VR	chopin	0.6961119218288315	2.94	0.0001	0.44551686463748685
H6D2C4VR	liszt	0.7439551170019469	2.68	0.0588	0.36557195285363003
H6D2C4VR	pollini	0.2560846809655912	1.37	0.2353	0.0
H6D2C4VR	gershwin	0.4162963010539033	2.63	0.1579	0.0
H6D2C4VR	copland	0.6155937303727708	2.33	0.1053	0.0
H6D2C4VR	haydn	0.5332974406012966	2.83	0.1875	0.0
H6D2C4VR	handel	0.593629230183076	2.97	0.1	4.7439383999548153e-05
H6D2C4VR	fauré	0.2780391847799107	1.85	0.1538	0.0001
H6D2C4VR	schubert	0.2833309579850328	2.95	0.0769	0.0001
H6D2C4VR	schumann	0.7230126309381453	2.84	0.0001	-4.1796963286629036e-05
HCBTBYHS	stevie wonder	0.0001	3.64	0.0001	0.0001
HCBTBYHS	michael jackson	0.4550078522322687	4.46	0.0001	0.0001
HCBTBYHS	dolly parton	0.3753317809190239	2.91	0.0001	0.0001
HCBTBYHS	sting	0.2898559836474991	3.8	0.0001	0.0001
HCBTBYHS	taylor swift	0.1443442184954944	4.03	0.0001	0.0001
HCBTBYHS	sabrina carpenter	0.2019091191085094	3.22	0.125	0.0001
HCBTBYHS	sombr	0.1393120665704805	0.0001	0.25	0.0001
HCBTBYHS	harry styles	0.1568232527199781	4.22	0.0833	0.0001
HCBTBYHS	clairo	0.165840963438083	1.24	0.0833	0.0001
HCBTBYHS	adrianne lenker	0.2495713900409969	1.02	0.0001	0.0001
HCBTBYHS	mitski	0.1710304345653206	1.6	0.0001	0.0001
HCBTBYHS	bob dylan	0.2402185824109004	3.95	0.0001	0.0001
HCBTBYHS	john lennon	0.5399343453723872	3.55	0.2143	0.0001
HCBTBYHS	jimi hendrix	0.5002439759315698	2.99	0.1667	0.0001
HCBTBYHS	prince	0.392498154382448	4.72	0.0001	0.0001
HCBTBYHS	oasis	0.3294468555717045	3.56	0.25	0.06221939661706251
HZP27937	adele	0.0001	3.45	0.0001	0.0001
HZP27937	fetty wap	0.3592453491920229	1.89	0.3333	0.0001
HZP27937	maroon 5	0.30062012906147	3.35	0.1667	0.0001
HZP27937	beach house	0.3218188994035781	4.85	0.0001	0.0001
HZP27937	charlie p	0.1795376009805496	4.35	0.1538	0.0001
HZP27937	megan tra	0.216313673095249	3.02	0.0001	0.0001
HZP27937	taylor swift	0.3834703065731925	4.03	0.0001	0.0001
HZP27937	tate mcrae	0.2559667473632464	2.66	0.0001	0.0001
HZP27937	tove lo	0.3436665463070233	2.47	0.0001	0.0001
HZP27937	olivia rod	0.2750258953218119	3.66	0.0001	0.0001
HZP27937	harry styles	0.1850806204639502	4.22	0.0833	0.0001
HZP27937	ed sheeran	0.511215737513482	3.07	0.0833	0.0001
IEOJ1IW3	kenshi yonezu	0.0001	0.95	0.0001	0.0001
IEOJ1IW3	eve	0.2383097041974419	4.32	0.0001	0.0001
IEOJ1IW3	yorushika	0.2751751665361226	0.0001	0.1111	0.02380477722647202
IEOJ1IW3	zutomayo	0.4612253685985512	0.0001	0.2222	0.002924717301440864
IEOJ1IW3	ado	0.3014305141879573	3.2	0.1538	0.055241101257444476
IEOJ1IW3	hiroyuki sawano	0.1307644894713466	1.42	0.0769	0.0001
IEOJ1IW3	kevin penkin	0.1448251170703052	0.0001	0.0001	0.0001
IEOJ1IW3	berlinist	0.1468137194599517	0.0001	0.0001	0.0001
IEOJ1IW3	laufey	0.4927957612375506	1.27	0.0769	0.0
IEOJ1IW3	faye webster	0.0761886053484448	3.07	0.0769	0.0001
IEOJ1IW3	billie eilish	0.2339840997915288	2.25	0.0001	0.0001
IEOJ1IW3	finneas o'connell	0.0789416444797282	1.3	0.125	0.0001
IEOJ1IW3	aurora	0.0852406998202851	3.73	0.0001	0.0001
IN92PH3J	frank sinatra	0.0001	3.25	0.0001	0.0001
IN92PH3J	john lennon	0.4448317814090647	3.55	0.2143	0.0001
IN92PH3J	kendrick lamar	0.3043496928225018	3.21	0.1667	0.0001
IN92PH3J	drake	0.4469758211502341	3.96	0.1111	0.0001
IN92PH3J	lil nas x	0.3810145285519998	3.36	0.0909	0.0001
IN92PH3J	khalid	0.2990672391623268	3.27	0.1818	0.0001
IN92PH3J	billie eilish	0.235078061191428	2.25	0.1111	0.0001
IN92PH3J	sza	0.4346712364260425	2.11	0.0001	0.0001
IN92PH3J	the weeknd	0.519738132604291	2.66	0.0001	0.0001
IN92PH3J	scott martin	0.2417066467564355	4.43	0.0001	0.0001
IN92PH3J	benny blanco	0.252907487171788	2.95	0.0001	0.0001
IRFHWRXF	conan gray	0.0001	3.37	0.0001	0.0001
IRFHWRXF	taylor swift	0.3575997293919886	4.03	0.0909	0.0001
IRFHWRXF	olivia rodrigo	0.3352836559991663	3.17	0.0001	0.0001
IRFHWRXF	sabrina carpenter	0.3159964184494401	3.22	0.25	0.0001
IRFHWRXF	gracie abrams	0.2193510688731788	3.01	0.1	0.0001
IRFHWRXF	esha tewari	0.1559899608019437	1.64	0.1	0.0001
IRFHWRXF	radiohead	0.1515114898380737	3.05	0.0001	0.0001
IRFHWRXF	arctic monkeys	0.4744041179875756	3.64	0.1	0.0001
IRFHWRXF	lana del rey	0.3753075340736771	3.35	0.0001	0.0001
IRFHWRXF	sombr	0.1119803564163952	0.0001	0.2	0.0001
IRFHWRXF	stig	0.1788078731490402	2.74	0.0001	0.0
IRFHWRXF	the beatles	0.2566056582436667	3.88	0.0001	0.0001
IRFHWRXF	louis armstrong	0.3096520343518308	3.85	0.0001	0.0001
IRFHWRXF	laufey	0.0925311301357044	1.27	0.1538	0.0001
J8N7DCDH	john legend	0.0001	4.39	0.0001	0.0001
J8N7DCDH	sza	0.3039006673589501	2.11	0.0001	0.0001
J8N7DCDH	partynextdoor	0.6492774016253064	1.69	0.1538	0.0
J8N7DCDH	drake	0.4460870169919569	3.96	0.1538	0.0
J8N7DCDH	tyla	0.1257948796686975	1.69	0.0001	0.0
J8N7DCDH	hozier	0.3486892877942671	2.05	0.0001	0.0
J8N7DCDH	don toliver	0.2675143171664266	1.89	0.25	0.0001
J8N7DCDH	noah kahan	0.227328641076978	2.23	0.0001	0.0001
J8N7DCDH	laufey	0.1166320559555805	1.27	0.3077	0.0001
J8N7DCDH	the weeknd	0.0725808357390979	2.66	0.1538	0.0001
J8N7DCDH	justin bieber	0.4200808215103091	3.61	0.0001	0.0001
J8N7DCDH	selena gomez	0.5512256757704836	3.08	0.25	0.0001
J8N7DCDH	crab b	0.0456637068732453	3.75	0.0001	0.0001
J8N7DCDH	nicki minaj	0.2243564830426621	2.91	0.0001	0.0001
J8N7DCDH	beyoncé	0.4778349103929306	3.37	0.1818	0.0001
J8N7DCDH	usher	0.4467561926243537	3.51	0.1818	0.0001
JDVDZARM	taylor swift	0.0001	4.03	0.0001	0.0001
JDVDZARM	selena gomez	0.5697889747152022	3.08	0.0001	0.0001
JDVDZARM	elvis costello (elo unclear; kept as provided)	0.1536620850284579	2.6	0.1111	0.0001
JDVDZARM	bach	0.1355294342202572	3.53	0.0001	0.0001
JDVDZARM	beethoven	0.6213489808165493	3.41	0.0001	0.7062013448263779
JDVDZARM	chopin	0.6588826689704198	2.94	0.25	0.42063463973242554
JEW0DH9D	laufey	0.0001	1.27	0.0001	0.0001
JEW0DH9D	the weeknd	0.0725808357390979	2.66	0.1538	0.0001
JEW0DH9D	drake	0.4586368436786161	3.96	0.1111	0.0001
JEW0DH9D	nicki minaj	0.540955473541271	2.91	0.1111	0.0001
JEW0DH9D	cupcakke	0.2881833906197356	1.47	0.0001	0.0001
JEW0DH9D	joe hisaishi	0.2811731866267222	1.57	0.0001	0.0001
JEW0DH9D	tricot	0.2028552663922986	1.73	0.1818	0.0001
JEW0DH9D	chinese football	0.2774116276483169	4.76	0.0909	0.0001
JEW0DH9D	wolfgang amadeus mozart (assumed)	0.059128755443637	2.51	0.0001	0.0001
JEW0DH9D	 tyler the creator	0.274644064027472	3.89	0.0001	0.0001
JIMIPV7S	john lennon	0.0001	3.55	0.0001	0.0001
JIMIPV7S	paul mccartney	0.6327315520706969	3.51	0.3333	0.0001
JIMIPV7S	george harrison	0.5906489779748995	4.03	0.0001	0.0001
JIMIPV7S	ringo starr	0.6262648005707883	2.97	0.2	0.0001
JIMIPV7S	kurt cobain	0.3936973393611012	2.93	0.0714	0.0001
JIMIPV7S	louis armstrong	0.2484622391056236	3.85	0.1429	0.0001
JIMIPV7S	taylor swift	0.3071323781131896	4.03	0.125	0.0001
JIMIPV7S	beyoncé	0.5048553796130147	3.37	0.0909	0.0001
JIMIPV7S	lady gaga	0.473297889882306	3.57	0.0909	0.0001
K6LTYZJH	 tyler the creator	0.0001	3.89	0.0001	0.0001
K6LTYZJH	frank ocean	0.4657110353531888	4.42	0.1	0.0001
K6LTYZJH	clairo	0.1079015570978866	1.24	0.0001	0.0001
K6LTYZJH	ariana grande	0.1743216155152938	3.09	0.0001	0.0001
KMXD4OZC	beyoncé	0.0001	3.37	0.0001	0.0001
KMXD4OZC	nicki minaj	0.4778349103929306	2.91	0.1818	0.0001
KMXD4OZC	doja cat	0.1417711461434684	1.8	0.2727	0.0001
KMXD4OZC	kali uchis	0.2501687060556445	1.58	0.1818	0.0001
KMXD4OZC	stevie wonder	0.17823380052056	3.64	0.0833	0.0001
KMXD4OZC	bad bunny	0.0302769689956093	3.87	0.25	0.0001
KMXD4OZC	bruno mars	0.1452442488711667	3.68	0.0001	0.0001
KMXD4OZC	cardi b	0.2723952341684136	2.77	0.0001	0.0001
KMXD4OZC	the beatles	0.2647256053482785	3.88	0.0001	0.0001
KZ9S5MPC	lady gaga	0.0001	3.57	0.0001	0.0001
KZ9S5MPC	ariana grande	0.4088477568009757	3.09	0.0001	0.0001
KZ9S5MPC	ed sheeran	0.4896596207537822	3.07	0.125	0.0001
KZ9S5MPC	sabrina carpenter	0.1612945442751895	3.22	0.125	0.0001
KZ9S5MPC	the beatles	0.204134452802136	3.88	0.0001	0.0001
KZ9S5MPC	taylor swift	0.4213451515267703	4.03	0.0001	0.0001
KZ9S5MPC	drake	0.3922566256990304	3.96	0.0001	0.0001
KZ9S5MPC	kendrick lamar	0.4469758211502341	3.21	0.1111	0.0001
KZ9S5MPC	sia	0.2614487906331177	3.11	0.0001	0.0001
KZ9S5MPC	nicki minaj	0.3286453715640907	2.91	0.0001	0.0001
KZ9S5MPC	maroon 5	0.2975849315901711	3.35	0.0001	0.0001
KZ9S5MPC	p!nk	0.4259392953538552	3.45	0.0001	0.0001
LJSMGNV0	taylor swift	0.0001	4.03	0.0001	0.0001
LJSMGNV0	clairo	0.1825565120492823	1.24	0.0001	0.0001
LJSMGNV0	phoebe bridgers	0.2384876702049514	1.69	0.1	0.0001
LJSMGNV0	paul mccartney	0.2178808070208712	3.51	0.0001	0.0001
LJSMGNV0	ringo starr	0.6223870263218421	2.97	0.2222	0.0001
LJSMGNV0	john lennon	0.5955987873306968	3.55	0.1667	0.0001
LN8REBYY	michael jackson	0.0001	4.46	0.0001	0.0001
LN8REBYY	whitney houston	0.4671326223593709	3.64	0.1429	0.0001
LN8REBYY	sombr	0.1330608711103333	0.0001	0.0714	0.0001
LN8REBYY	chappell roan	0.051570017351201	2.5	0.0001	0.0001
LN8REBYY	kendrick lamar	0.2100176509104794	3.21	0.0001	0.0001
LN8REBYY	joni mitchell	0.340427764890101	2.97	0.1111	0.0001
LUKGQM9Q	the beatles	0.0001	3.88	0.0001	0.0001
LUKGQM9Q	prince	0.3132605864953454	4.72	0.125	0.0001
MCYP84X4	olivia dean	0.0001	3.73	0.0001	0.0001
MCYP84X4	taylor swift	0.3600634383732296	4.03	0.0001	0.0001
MCYP84X4	noah kahan	0.2074310721832745	2.23	0.0001	0.0001
MCYP84X4	gracie abrams	0.2473019095851127	3.01	0.0001	0.0001
MCYP84X4	del water gap	0.1093448695686625	4.07	0.1	0.0001
MCYP84X4	conan gray	0.1656501943405961	3.37	0.0001	0.0001
MCYP84X4	dominic fike	0.1763989176537936	1.77	0.0909	0.0001
MCYP84X4	sza	0.2501541080672307	2.11	0.2857	0.0001
MCYP84X4	drake	0.3141925989138814	3.96	0.0001	0.010420890845650756
MCYP84X4	kendrick lamar	0.4469758211502341	3.21	0.1111	0.0001
MCYP84X4	kanye west	0.4725013662690791	3.76	0.0001	0.0001
MCYP84X4	harry styles	0.4579766856500566	4.22	0.0833	0.0001
MCYP84X4	zayn malik	0.7044704205006875	2.86	0.0001	0.0001
MCYP84X4	tate mcrae	0.2267458935752503	2.66	0.0001	0.0001
N9V0QKO1	beethoven	0.0001	3.41	0.0001	0.0001
NHCBLFL1	yo-yo ma	0.0001	4.03	0.0001	0.0001
NHCBLFL1	taylor swift	0.1442360361022956	4.03	0.1111	0.0001
NHCBLFL1	ed sheeran	0.5043759905307956	3.07	0.125	0.0001
NHCBLFL1	adele	0.4917181291360663	3.45	0.25	0.0001
NHCBLFL1	ariana grande	0.5619707904400206	3.09	0.125	0.0001
NHCBLFL1	sabrina carpenter	0.2753516456624583	3.22	0.125	0.0001
NHCBLFL1	olivia rodrigo	0.3159964184494401	3.17	0.25	0.0001
NRXHKYAS	lady gaga	0.0001	3.57	0.0001	0.0001
NRXHKYAS	harry styles	0.3433965686374869	4.22	0.0833	0.0001
NRXHKYAS	johnny cash	0.3060675715232502	4.25	0.1765	0.0001
NRXHKYAS	billy joel	0.4829544503741854	3.81	0.1176	0.0001
NRXHKYAS	mozart	0.3966867258653752	3.42	0.0833	0.0001
NXGNLGFN	taylor swift	0.0001	4.03	0.0001	0.0001
NXGNLGFN	katy perry	0.5944985441309765	3.55	0.0001	0.0001
NXGNLGFN	noah kahan	0.1629760361948163	2.23	0.2222	0.0001
NXGNLGFN	olivia rodrigo	0.2288177709629738	3.17	0.0001	0.0001
NXGNLGFN	bob dylan	0.2264501045177451	3.95	0.1429	0.0001
NXGNLGFN	p!nk	0.2610584118553477	3.45	0.0714	0.0001
NXGNLGFN	george harrison	0.1866282479535113	4.03	0.0001	0.0001
NXGNLGFN	john lennon	0.5645905759320472	3.55	0.0833	0.0001
NXGNLGFN	billy joel	0.4274582116454331	3.81	0.1667	0.0001
NXGNLGFN	elton john	0.5639152267568956	3.39	0.1667	0.0001
NXGNLGFN	ariana grande	0.3265200845606395	3.09	0.0001	0.0001
NZ8ZTZHG	lady gaga	0.0001	3.57	0.0001	0.0001
NZ8ZTZHG	bruno mars	0.4286997417096403	3.68	0.1	0.0001
NZ8ZTZHG	olivia rodrigo	0.2112360600527598	3.17	0.125	0.0001
NZ8ZTZHG	harry styles	0.3163570327012288	4.22	0.1667	0.0001
NZ8ZTZHG	bad bunny	0.0882163550675709	3.87	0.1667	0.0001
NZ8ZTZHG	drake	0.130541983709657	3.96	0.0001	0.0001
NZ8ZTZHG	sabrina carpenter	0.2510454361292076	3.22	0.1111	0.0001
NZ8ZTZHG	rihanna	0.2741654044934678	3.46	0.1667	0.0001
O4NB1X6B	morgan wallen	0.0001	2.07	0.0001	0.0001
O4NB1X6B	taylor swift	0.3451889499021443	4.03	0.0001	0.0001
O4NB1X6B	olivia dean	0.3600634383732296	3.73	0.0001	0.0001
O4NB1X6B	luke combs	0.3249544088286407	3.15	0.0001	0.0001
O4NB1X6B	megan moroney	0.2201576988244886	1.87	0.2222	0.0001
O4NB1X6B	olivia rodrigo	0.3157242793393686	3.17	0.0001	0.0001
O4NB1X6B	drake	0.2475964077453102	3.96	0.1111	0.0001
O4NB1X6B	kanye west	0.4474862392675602	3.76	0.1111	0.0001
O4NB1X6B	young thug	0.3945534538849868	3.48	0.0001	0.0001
O4NB1X6B	cardi b	0.2865919584597065	2.77	0.0001	0.0001
O4NB1X6B	bad bunny	0.1478420158431841	3.87	0.1111	0.0001
O4NB1X6B	nicki minaj	0.1743244850626788	2.91	0.1111	0.0001
O4NB1X6B	bad bunny	0.1743244850626788	3.87	0.1111	0.0001
O4NB1X6B	rihanna	0.1092144264915879	3.46	0.0833	0.0001
O4NB1X6B	beyoncé	0.5697844548224559	3.37	0.0001	0.0001
O4NB1X6B	shakira	0.4943502947453856	2.96	0.0001	0.0001
OEQ7A3BW	drake	0.0001	3.96	0.0001	0.0001
OEQ7A3BW	tyla	0.1257948796686975	1.69	0.0001	0.0
OEQ7A3BW	travis scott	0.2200701991840876	3.93	0.0001	0.0001
OEQ7A3BW	cher	0.2150797474644987	3.36	0.0001	0.0001
OUSZQD8K	taylor swift	0.0001	4.03	0.0001	0.0001
OUSZQD8K	olivia rodrigo	0.3352836559991663	3.17	0.0001	0.0001
OUSZQD8K	the weeknd	0.2252595304272295	2.66	0.0001	0.0001
OUSZQD8K	ed sheeran	0.5090718922781137	3.07	0.0001	0.0001
OX30M9NX	billy joel	0.0001	3.81	0.0001	0.0001
PBNU471N	michael jackson	0.0001	4.46	0.0001	0.0001
PBNU471N	jay-z	0.3901933676969068	4.12	0.1	0.0001
PBNU471N	beyoncé	0.6006140056960768	3.37	0.0909	0.0001
PBNU471N	kendrick lamar	0.4096367734996051	3.21	0.1818	0.0001
PBNU471N	lil baby	0.2820580535980206	3.86	0.1429	0.0001
PBNU471N	dababy	0.1268245810338034	1.68	0.1429	0.0001
PBNU471N	central cee	0.1957593968106961	2.96	0.0001	0.0001
PBNU471N	drake	0.09042616770753	3.96	0.2	0.0001
PLC36LSR	stevie wonder	0.0001	3.64	0.0001	0.0001
PLC36LSR	louis armstrong	0.3751449023282498	3.85	0.1667	0.0001
PLC36LSR	yo-yo ma	0.2446019758500377	4.03	0.0001	0.0001
PLC36LSR	beethoven	0.3195915656588364	3.41	0.1111	0.0001
PLW1S0CA	hozier	0.0001	2.05	0.0001	0.0001
PLW1S0CA	taylor swift	0.4332036273609696	4.03	0.0001	0.0001
PLW1S0CA	katy perry	0.5944985441309765	3.55	0.0001	0.0001
PLW1S0CA	lady gaga	0.5665163836967785	3.57	0.0001	0.0001
PLW1S0CA	sabrina carpenter	0.2728446662853595	3.22	0.0001	0.0001
PLW1S0CA	chappell roan	0.257882879233245	2.5	0.125	0.0001
PLW1S0CA	bad bunny	0.1377859551972886	3.87	0.0001	0.0001
PLW1S0CA	shawn mendes	0.0655006985465632	3.12	0.0001	0.0001
Q3MFUDV9	bruno mars	0.0001	3.68	0.0001	0.0001
Q3MFUDV9	tate mcrae	0.2058706551473272	2.66	0.1429	0.0001
Q3MFUDV9	doja cat	0.098085883565655	1.8	0.0001	0.0001
Q3MFUDV9	beyoncé	0.1654317867428866	3.37	0.1818	0.0001
QGT05169	ed sheeran	0.0001	3.07	0.0001	0.0001
QGT05169	adele	0.4917181291360663	3.45	0.25	0.0001
QGT05169	taylor swift	0.4813503259154881	4.03	0.0001	0.0001
RLHDN7YZ	kanye west	0.0001	3.76	0.0001	0.0001
RLHDN7YZ	kendrick lamar	0.4725013662690791	3.21	0.0001	0.0001
RLHDN7YZ	lana del rey	0.4249216627294083	3.35	0.0001	0.0001
RLHDN7YZ	chapel roan	0.2178515952804871	2.7	0.0001	0.0001
RLHDN7YZ	amy winehouse	0.193985879785986	2.72	0.125	0.0001
RS0Z27EB	hozier	0.0001	2.05	0.0001	0.0001
RS0Z27EB	kanye west	0.4162224672571177	3.76	0.0001	0.0001
RS0Z27EB	drake	0.4474862392675602	3.96	0.1111	0.0001
RS0Z27EB	billie eilish	0.1485065186052001	2.25	0.1111	0.0001
RS0Z27EB	yo-yo ma	0.2316812230987122	4.03	0.1111	0.0001
RS0Z27EB	bad bunny	0.2831623549153997	3.87	0.1111	0.0001
RS0Z27EB	sabrina carpenter	0.0950128200922841	3.22	0.1111	0.0001
RS0Z27EB	taylor swift	0.2019091191085094	4.03	0.125	0.0001
RS0Z27EB	katy perry	0.5944985441309765	3.55	0.0001	0.0001
RS0Z27EB	beyoncé	0.4836571752941061	3.37	0.0909	0.0001
S30LA614	lana del rey	0.0001	3.35	0.0001	0.0001
S30LA614	frank ocean	0.4228714949672743	4.42	0.0001	0.0001
S30LA614	miles davis	0.3633183775798201	4.37	0.1	0.0001
S30LA614	phoebe bridgers	0.1684873362456037	1.69	0.0001	0.0001
S30LA614	the weeknd	0.0231626078523466	2.66	0.0001	0.0001
S30LA614	bad bunny	0.0106132241408767	3.87	0.0001	0.0001
S30LA614	lady gaga	0.2300721263466257	3.57	0.1	0.0001
S30LA614	fleetwood mac	0.2583831464677297	3.11	0.1	0.0001
S30LA614	jimi hendrix	0.3890537897150781	2.99	0.0001	0.0001
S30LA614	prince	0.392498154382448	4.72	0.0001	0.0001
S30LA614	kendrick lamar	0.2853829982241549	3.21	0.0001	0.0001
S30LA614	bruno mars	0.3707938444925156	3.68	0.0001	0.0001
S87Q76NA	taylor swift	0.0001	4.03	0.0001	0.0001
S87Q76NA	elvis	0.3563059749589661	3.78	0.0001	0.0001
S87Q76NA	olivia rodrigo	0.2227852202996793	3.17	0.0001	0.0001
S87Q76NA	bad bunny	0.0891515008930244	3.87	0.1111	0.0001
S87Q76NA	the weeknd	0.0106132241408767	2.66	0.0001	0.0001
S87Q76NA	sabrina carpenter	0.1928190533149834	3.22	0.0001	0.0001
S87Q76NA	eminem	0.2058881920423403	3.34	0.0001	0.0001
S87Q76NA	lil baby	0.3424224907557132	3.86	0.125	0.0001
S87Q76NA	johnny cash	0.2952301200794697	4.25	0.1176	0.0001
SENRROOG	yo-yo ma	0.0001	4.03	0.0001	0.0001
SENRROOG	bach	0.3054517612099952	3.53	0.0001	0.0001
SENRROOG	beethoven	0.6213489808165493	3.41	0.0001	0.4928048564231772
SENRROOG	mozart	0.7581627566193179	3.42	0.0833	0.4099141001445454
T6E9EPOZ	halsey	0.0001	3.02	0.0001	0.0001
T6E9EPOZ	adele	0.4771672954735935	3.45	0.25	-0.023710768996227375
T6E9EPOZ	beyoncé	0.4404427779669347	3.37	0.1818	0.0001
T6E9EPOZ	the weeknd	0.393783678298769	2.66	0.0001	0.0001
T6E9EPOZ	bad bunny	0.0106132241408767	3.87	0.0001	0.0001
TPWBA9PZ	taylor swift	0.0001	4.03	0.0001	0.0001
TPWBA9PZ	ed sheeran	0.5043759905307956	3.07	0.125	0.0001
TPWBA9PZ	selena gomez	0.3479457830521366	3.08	0.0001	0.0001
TPWBA9PZ	blackpink	0.3251729341960159	2.2	0.1667	0.0001
U2N1A8VX	olivia dean	0.0001	3.73	0.0001	0.0001
U2N1A8VX	harry styles	0.2724471373416828	4.22	0.25	0.0001
U7RW6MVC	harry styles	0.0001	4.22	0.0001	0.0001
U7RW6MVC	paul mccartney	0.4468401003561584	3.51	0.0001	0.0001
U7RW6MVC	john lennon	0.6327315520706969	3.55	0.3333	0.0001
U7RW6MVC	ringo starr	0.5955987873306968	2.97	0.1667	0.0001
U7RW6MVC	george harrison	0.6262648005707883	4.03	0.2	0.0001
U7RW6MVC	taylor swift	0.3656887563224336	4.03	0.1	0.0001
U7RW6MVC	bob dylan	0.4269307999691503	3.95	0.0714	0.0001
U7RW6MVC	joni mitchell	0.5342517895334742	2.97	0.0714	0.0001
U7RW6MVC	charli xcx	0.3884878276033124	2.18	0.1176	0.0001
UIBPJL1Q	taylor swift	0.0001	4.03	0.0001	0.0001
UIBPJL1Q	bad bunny	0.1429111480485143	3.87	0.0001	0.0001
UIBPJL1Q	drake	0.130541983709657	3.96	0.0001	0.0001
UIBPJL1Q	bob dylan	0.3177905646231587	3.95	0.2143	0.0001
UIBPJL1Q	billy joel	0.508149681898729	3.81	0.2143	0.0001
UIBPJL1Q	elton john	0.5639152267568956	3.39	0.1667	0.0001
UIBPJL1Q	noah kahan	0.2292493467021581	2.23	0.0833	0.0001
UIBPJL1Q	green day	0.1117017473210155	5.07	0.15	0.0001
UVAI5SO9	taylor swift	0.0001	4.03	0.0001	0.0001
UVAI5SO9	aurora	0.2633730464882071	3.73	0.2222	0.0001
UVAI5SO9	lorde	0.3213925271625495	3.16	0.0001	0.0008368926929104461
UVAI5SO9	lana del rey	0.5528798629801984	3.35	0.0001	0.0001
UVAI5SO9	the weeknd	0.5329505241873692	2.66	0.0001	0.0001
VJJ2VCIY	rihanna	0.0001	3.46	0.0001	0.0001
VJJ2VCIY	beyoncé	0.5697844548224559	3.37	0.0001	0.0001
VJJ2VCIY	katy perry	0.4836571752941061	3.55	0.0909	0.0001
VJJ2VCIY	taylor swift	0.5944985441309765	4.03	0.0001	0.0001
VJJ2VCIY	the weeknd	0.3694263896939316	2.66	0.25	0.0001
VJJ2VCIY	lady gaga	0.3484019831163132	3.57	0.0001	0.0001
VNHTSXTP	mozart	0.0001	3.42	0.0001	0.0001
VNHTSXTP	beethoven	0.7581627566193179	3.41	0.0833	0.08359395016143259
VNHTSXTP	tchaikovsky	0.6510505468204476	2.75	0.0001	0.28207912561958487
VNHTSXTP	taylor swift	0.2262276208146378	4.03	0.0001	0.0001
VNHTSXTP	jay-z	0.3311324578588117	4.12	0.0001	0.0001
VNHTSXTP	bad bunny	0.0458772457122218	3.87	0.1111	0.0001
VNHTSXTP	stevie wonder	0.0302769689956093	3.64	0.25	0.0001
VNSY2V6A	katy perry	0.0001	3.55	0.0001	0.0001
VNSY2V6A	eminem	0.4458447259328864	3.34	0.1111	0.0001
VNSY2V6A	ozzy osbourne	0.4057210255532777	2.74	0.1538	0.0001
VNSY2V6A	frank sinatra	0.4071962639956539	3.25	0.0714	0.0001
VNSY2V6A	johann sebastian bach	0.4178898732504403	3.07	0.1429	0.0001
VNSY2V6A	beethoven	0.5179405884021905	3.41	0.25	0.0001
W6Z3Y3K6	 tyler the creator	0.0001	3.89	0.0001	0.0001
W6Z3Y3K6	frank ocean	0.4657110353531888	4.42	0.1	0.0001
W6Z3Y3K6	mitski	0.1458004655880216	1.6	0.2	0.0001
W6Z3Y3K6	charli xcx	0.2020362120801921	2.18	0.1176	0.0001
WU4Q5VLP	billie eilish	0.0001	2.25	0.0001	0.0001
WU4Q5VLP	bad bunny	0.1173860748375923	3.87	0.0001	0.0001
WU4Q5VLP	frank sinatra	0.0706682120918864	3.25	0.1429	0.0001
WU4Q5VLP	lady gaga	0.3420155510218945	3.57	0.1429	0.0001
WU4Q5VLP	taylor swift	0.5125959595430682	4.03	0.0001	0.0001
XAA8CS8F	taylor swift	0.0001	4.03	0.0001	0.0001
XAA8CS8F	sabrina carpenter	0.2019091191085094	3.22	0.125	0.0001
XAA8CS8F	gracie abrams	0.2193510688731788	3.01	0.1	0.0001
XAA8CS8F	the beatles	0.1431788945377184	3.88	0.0001	0.0001
XAA8CS8F	morgan wallen	0.1472332330483687	2.07	0.0001	0.0001
XAA8CS8F	megan moroney	0.4751301956288496	1.87	0.1429	0.0001
XAA8CS8F	zach bryan	0.3201654392900799	3.56	0.1111	0.0001
XAA8CS8F	noah kahan	0.2754137767892441	2.23	0.2222	0.0001
XI93MR3J	taylor swift	0.0001	4.03	0.0001	0.0001
XI93MR3J	gracie abrams	0.2826875374254269	3.01	0.1	0.0001
XI93MR3J	billie eilish	0.1626507100143412	2.25	0.1	0.0001
XI93MR3J	kanye west	0.2833081194820877	3.76	0.1429	0.0001
XI93MR3J	radiohead	0.3827093319048689	3.05	0.1	0.0001
XI93MR3J	kanye	0.3678749381013125	3.77	0.0001	0.005392949167920364
XI93MR3J	sabrina carpenter	0.1729057498745194	3.22	0.125	0.0001
XI93MR3J	noah kahan	0.2851422579103322	2.23	0.0001	0.0001
XI93MR3J	drake	0.3509220365241864	3.96	0.1111	0.0001
XILQXDX5	shakira	0.0001	2.96	0.0001	0.0001
XILQXDX5	beyoncé	0.4943502947453856	3.37	0.0001	0.0001
XILQXDX5	clairo	0.2238008047090991	1.24	0.1818	0.0001
XJF7RLTQ	yo-yo ma	0.0001	4.03	0.0001	0.0001
XJF7RLTQ	mariah carey	0.1785116412760899	3.09	0.1111	0.0001
XJF7RLTQ	michael jackson	0.5015742437488631	4.46	0.0001	0.0001
XJF7RLTQ	aretha franklin	0.3736513156074095	2.78	0.0001	0.0001
XV9JV4CP	bad bunny	0.0001	3.87	0.0001	0.0001
XV9JV4CP	bruno mars	0.1452442488711667	3.68	0.0001	0.0001
XV9JV4CP	cardi b	0.2723952341684136	2.77	0.0001	0.0001
XV9JV4CP	drake	0.2174846849554528	3.96	0.1111	0.0001
XV9JV4CP	kanye	0.4130397200903721	3.77	0.1111	0.03517608126690116
XV9JV4CP	lady gaga	0.3711485671729733	3.57	0.2	0.0001
XV9JV4CP	olivia rodrigo	0.3661556742777483	3.17	0.0001	0.0001
XV9JV4CP	sabrina carpenter	0.3159964184494401	3.22	0.25	0.0001
XV9JV4CP	mozart	0.2084501236528413	3.42	0.1667	0.0001
XV9JV4CP	tchaikovsky	0.6211222033699922	2.75	0.0833	0.2381879445459688
Y0GQPG0K	john lennon	0.0001	3.55	0.0001	0.0001
Y0GQPG0K	george harrison	0.5645905759320472	4.03	0.0833	0.0001
Y0GQPG0K	ringo starr	0.6262648005707883	2.97	0.2	0.0001
Y0GQPG0K	paul mccartney	0.6223870263218421	3.51	0.2222	0.0001
Y0GQPG0K	olivia dean	0.2566725034029219	3.73	0.0001	0.0001
Y0GQPG0K	billie eilish	0.3517465685515502	2.25	0.1111	0.0001
YDKEN7JY	the strokes	0.0001	3.75	0.0001	0.0001
YDKEN7JY	jeff buckley	0.3613266771187684	3.42	0.0001	0.0001
YDKEN7JY	oasis	0.3288096957709951	3.56	0.0001	0.0001
YDKEN7JY	ado	0.1891059655614739	3.2	0.0001	-1.5030732439137454e-05
YDKEN7JY	dominic fike	0.2244811876246151	1.77	0.0769	0.0001
YDKEN7JY	del water gap	0.0967953985694302	4.07	0.0001	0.0001
YDKEN7JY	noah kahan	0.0993096745238163	2.23	0.0001	0.0001
YDKEN7JY	role model	0.142301721722901	4.84	0.0001	0.0001
YDKEN7JY	laufey	0.1881380305441089	1.27	0.0769	0.0001
YDKEN7JY	the weeknd	0.0725808357390979	2.66	0.1538	0.0001
YDKEN7JY	prince	0.4032826834481353	4.72	0.125	0.0001
YDKEN7JY	michael jackson	0.4987346770497147	4.46	0.0001	0.0001
YMQ1DC06	queen	0.0001	4.86	0.0001	0.0001
YMQ1DC06	madonna	0.3778839137353478	3.73	0.2	0.09997697437378279
YMQ1DC06	beethoven	0.288497678873858	3.41	0.2222	0.10683557083026277
YMQ1DC06	mozart	0.7581627566193179	3.42	0.0833	0.536288568709842
YMQ1DC06	the beatles	0.3712625035084698	3.88	0.0001	0.0001
YMQ1DC06	billie eilish	0.2758461259884173	2.25	0.0001	0.0001
YMQ1DC06	david bowie	0.2797869674065494	3.53	0.1111	0.0001
YMQ1DC06	taylor swift	0.3075969020594036	4.03	0.0001	0.0001
YP5UHRSA	taylor swift	0.0001	4.03	0.0001	0.0001
YP5UHRSA	gracie abrams	0.2826875374254269	3.01	0.1	0.0001
YP5UHRSA	noah kahan	0.2473019095851127	2.23	0.0001	0.0001
YP5UHRSA	phoebe bridgers	0.2239903405027422	1.69	0.0001	0.0001
YP5UHRSA	lucy dacus	0.3089109375468093	1.76	0.1	0.0001
YP5UHRSA	drake	0.2381688101159335	3.96	0.1111	0.0001
YP5UHRSA	lil wayne	0.4687083090324768	3.76	0.0001	0.0001
YP5UHRSA	khalid	0.3128943555483969	3.27	0.0001	0.0001
YP5UHRSA	frank ocean	0.3190206982002305	4.42	0.0001	0.0001
YP5UHRSA	bad bunny	0.1195949978181395	3.87	0.0001	0.0001
YP5UHRSA	yo-yo ma	0.2831623549153997	4.03	0.1111	0.0001
YP5UHRSA	beethoven	0.3195915656588364	3.41	0.1111	0.0001
YP5UHRSA	mozart	0.7581627566193179	3.42	0.0833	0.3282710446642287
YP5UHRSA	schubert	0.5823392293582271	2.95	0.1667	0.004410629115649324
YQ5FHGIU	sabrina carpenter	0.0001	3.22	0.0001	0.0001
YQ5FHGIU	chapel roan	0.2560681115727197	2.7	0.125	0.0001
YQ5FHGIU	the beatles	0.1511000610325528	3.88	0.0001	0.0001
YQ5FHGIU	beach boys	0.5531382051945957	4.67	0.125	0.0001
YQ5FHGIU	beach house	0.5979491405013598	4.85	0.0625	0.0001
YQ5FHGIU	prince	0.2509601151068508	4.72	0.1538	0.0001
YQ5FHGIU	elvis	0.4265985464420829	3.78	0.0001	0.014971888968804352
YQ5FHGIU	bts	0.1351351014879273	3.27	0.0001	-0.0692622165571604
YQ5FHGIU	twice	0.0682972940586231	4.84	0.0833	-0.01897304133241073
YQ5FHGIU	red velvet	0.0801870614914864	3.76	0.1667	0.0001
YQ5FHGIU	yo-yo ma	0.1393600971284512	4.03	0.0001	0.0001
YQ5FHGIU	taylor swift	0.1442360361022956	4.03	0.1111	0.0001
YQ5FHGIU	beyoncé	0.5048553796130147	3.37	0.0909	0.0001
YQ5FHGIU	rihanna	0.5697844548224559	3.46	0.0001	0.0001
YQ5FHGIU	dj khaled	0.3625499798671976	3.2	0.0833	0.0001
YVQX6LL1	bad bunny	0.0001	3.87	0.0001	0.0001
YVQX6LL1	adele	0.0754358402228982	3.45	0.0001	0.0001
YVQX6LL1	lady gaga	0.4542467952331193	3.57	0.1	0.0001
YVQX6LL1	mozart	0.3751426155015211	3.42	0.25	0.0001
YVQX6LL1	selena gomez	0.2946521051141054	3.08	0.1667	0.0001
YVQX6LL1	justin bieber	0.5512256757704836	3.61	0.25	0.0001
YVQX6LL1	katy perry	0.4187923057936794	3.55	0.2222	0.0001
YVQX6LL1	madonna	0.4531200414699823	3.73	0.1111	0.0001
YVQX6LL1	michael jackson	0.5089863295850968	4.46	0.1	0.0001
YVQX6LL1	prince	0.4987346770497147	4.72	0.0001	0.0001
YVQX6LL1	charli xcx	0.2747426746112024	2.18	0.1765	0.0001
YVQX6LL1	sabrina carpenter	0.3044905690172563	3.22	0.1176	0.0001
YVQX6LL1	olivia rodrigo	0.3159964184494401	3.17	0.25	0.0001
ZERL6DH6	norah jones	0.0001	2.8	0.0001	0.0001
ZERL6DH6	lil wayne	0.2197045824576882	3.76	0.0001	0.0001
ZERL6DH6	ariana grande	0.3107128065771198	3.09	0.375	0.0001
ZERL6DH6	azealia banks	0.3955886347872108	2.06	0.0001	0.0001
ZERL6DH6	doja cat	0.141821216610002	1.8	0.1818	0.0001
ZERL6DH6	bruno mars	0.0987072217925403	3.68	0.0909	0.0001
ZERL6DH6	bts	0.2917818165054339	3.27	0.0001	0.0001
ZERL6DH6	blackpink	0.4385720455901238	2.2	0.0001	0.1328895151659467
ZERL6DH6	michael jackson	0.3258949259988479	4.46	0.1	0.0001
ZERL6DH6	bob dylan	0.414105616607421	3.95	0.0714	0.0001
ZERL6DH6	janet jackson	0.349987597607192	3.87	0.2143	0.0001
ZERL6DH6	the notorious b.i.g.	0.2602449934309978	2.45	0.1667	0.0001
ZERL6DH6	2pac	0.5193151634921405	2.34	0.0667	0.0001
ZERL6DH6	jeff buckley	0.3116272037376881	3.42	0.1333	0.0001
ZERL6DH6	damon albarn	0.3890882166603402	2.32	0.2	0.0001
ZERL6DH6	liam gallagher	0.4128116692175165	3.42	0.0001	0.0001
ZERL6DH6	p!nk	0.191275361078522	3.45	0.0001	0.0001
ZERL6DH6	prince	0.3092592665342066	4.72	0.0001	0.0
ZERL6DH6	beyoncé	0.3881121485214168	3.37	0.0909	0.0001
ZHMH16C4	elvis presley	0.0001	3.15	0.0001	0.0001
ZHMH16C4	yo-yo ma	0.1666192212855394	4.03	0.1111	0.0001
ZHMH16C4	van cliburn	0.1598825226082327	1.75	0.1111	0.0001
ZHMH16C4	mick jagger	0.1799690261888239	3.03	0.0001	0.0001
ZHMH16C4	joni mitchell	0.2925798486519082	2.97	0.1	0.0001
ZHMH16C4	gigi perez	0.3218951030194263	3.06	0.1	0.0001
ZHMH16C4	bono	0.2141681877839328	3.37	0.1	0.0001
ZHMH16C4	sting	0.3319149178845166	3.8	0.1667	0.08304019191708803
ZHMH16C4	keith richards	0.2494713620624871	3.68	0.1429	0.0001
ZHMH16C4	michael stipe	0.3293454010532075	2.73	0.0909	0.0001
ZYQ1C8LT	taylor swift	0.0001	4.03	0.0001	0.0001
ZYQ1C8LT	bruno mars	0.5388800497413618	3.68	0.0001	0.0001
ZYQ1C8LT	justin bieber	0.5428484276202822	3.61	0.25	0.0001
ZYQ1C8LT	shawn mendes	0.31687760312377	3.12	0.125	0.0001
ZYQ1C8LT	beyoncé	0.4199023220304879	3.37	0.1818	0.0001
ZYQ1C8LT	bad bunny	0.0844116093595859	3.87	0.0001	0.0001
ZYQ1C8LT	harry styles	0.0882163550675709	4.22	0.1667	0.0001
ZYQ1C8LT	liam payne	0.5500207743194141	3.52	0.1667	0.0001
ZYQ1C8LT	lorde	0.2337140743547453	3.16	0.1	0.0001
ZYQ1C8LT	olivia rodrigo	0.2350775924629005	3.17	0.1	0.0001
ZYQ1C8LT	selena gomez	0.3952905241417472	3.08	0.125	0.0001
