SID,response,entry,entry_number,response_times
00K73X1D,fox,fox,1,1882.1
00K73X1D,owlk,owl,2,1576.2
00K73X1D,elk,elk,3,2273.8
00K73X1D,pelican,pelican,4,3743.5
00K73X1D,dog,dog,5,4275.5
00K73X1D,cat,cat,6,910.2
00K73X1D,fish,fish,7,2285
00K73X1D,human,human,8,2348.9
00K73X1D,turtle,turtle,9,3590.8
00K73X1D,tortoise,tortoise,10,3671.7
00K73X1D,squirrel,squirrel,11,5300.6
00K73X1D,chimpanzee,chimpanzee,12,6105.7
00K73X1D,koala,koala,13,2077.2
00K73X1D,kangaroo,kangaroo,14,2400.8
00K73X1D,kiwi bird,kiwi bird,15,5388.1
00K73X1D,panda,panda,16,3198.2
00K73X1D,bear,bear,17,1504.8
00K73X1D,raven,raven,18,4080.6
00K73X1D,dove,dove,19,2449.2
0GMT2ITP,dog,dog,1,1285.7
0GMT2ITP,cat,cat,2,845.3
0GMT2ITP,tiger,tiger,3,876.4
0GMT2ITP,lion,lion,4,872.8
0GMT2ITP,fish,fish,5,1210.8
0GMT2ITP,bird,bird,6,2124.6
0GMT2ITP,rabbit,rabbit,7,1372.8
0GMT2ITP,horse,horse,8,786.1
0GMT2ITP,cow,cow,9,1003.4
0GMT2ITP,sheep,sheep,10,1098.3
0GMT2ITP,chicken,chicken,11,956.7
0GMT2ITP,turkey,turkey,12,922
0GMT2ITP,elephant,elephant,13,6784
0GMT2ITP,rhino,rhino,14,968.9
0GMT2ITP,giraffe,giraffe,15,1494.9
0GMT2ITP,monkey,monkey,16,1318.6
0GMT2ITP,chimp,chimp,17,795.6
0GMT2ITP,ape,ape,18,496.9
0GMT2ITP,gecko,gecko,19,5746.1
0GMT2ITP,lizard,lizard,20,963.9
0GMT2ITP,frog,frog,21,1131.2
0GMT2ITP,toad,toad,22,692
0GMT2ITP,beaver,beaver,23,4141
0GMT2ITP,groundhog,groundhog,24,2118.9
0GMT2ITP,snowshoe hare,snowshoe hare,25,2567
0GMT2ITP,walrus,walrus,26,1448.8
0GMT2ITP,polar bear,polar bear,27,1549.6
0GMT2ITP,black bear,black bear,28,1294.4
0GMT2ITP,grizzly bear,grizzly bear,29,3869
0GMT2ITP,deer,deer,30,1415.3
0GMT2ITP,moose,moose,31,1469.3
0GMT2ITP,loon,loon,32,3879.7
0GMT2ITP,bald eagle,bald eagle,33,1152.4
0L28O7LJ,squirrel,squirrel,1,2567.5
0L28O7LJ,bear,bear,2,649.7
0L28O7LJ,dog,dog,3,790.1
0L28O7LJ,cat,cat,4,693.6
0L28O7LJ,parrot,parrot,5,3616.4
0L28O7LJ,dolphin,dolphin,6,2032.8
0L28O7LJ,whale,whale,7,1950.5
0L28O7LJ,possum,possum,8,2350.1
0L28O7LJ,raccoon,raccoon,9,2307.3
0L28O7LJ,bunny,bunny,10,2559.2
0L28O7LJ,foc,fox,11,3066.1
0L28O7LJ,fox,fox,12,1176.8
0L28O7LJ,coyote,coyote,13,2107.1
0L28O7LJ,polar bear,polar bear,14,2049.7
0L28O7LJ,brown bear,brown bear,15,1883.7
0L28O7LJ,koala,koala,16,7933.5
0L28O7LJ,peacock,peacock,17,1532.5
0L28O7LJ,flamingo,flamingo,18,2313.2
0L28O7LJ,zebra,zebra,19,3171.1
0L28O7LJ,sting ray,sting ray,20,4616.6
0L28O7LJ,seahorse,seahorse,21,4717.2
0L28O7LJ,starfish,starfish,22,1749.8
0L28O7LJ,crocodile,crocodile,23,2399.9
0L28O7LJ,alligator,alligator,24,1616.7
0MGC7F4K,zebra,zebra,1,1370.6
0MGC7F4K,giraffe,giraffe,2,2349.9
0MGC7F4K,worm,worm,3,2898.9
0MGC7F4K,cow,cow,4,2115.7
0MGC7F4K,pig,pig,5,1680.7
0MGC7F4K,chicken,chicken,6,4468.4
0MGC7F4K,dog,dog,7,1636.8
0MGC7F4K,cat,cat,8,867.1
0MGC7F4K,hamster,hamster,9,2583.7
0MGC7F4K,guniea pig,guinea pig,10,3633.9
0MGC7F4K,squirrel,squirrel,11,7448.7
0MGC7F4K,lion,lion,12,2916.9
0MGC7F4K,deer,deer,13,3033.6
0MGC7F4K,elk,elk,14,1023.1
0MGC7F4K,moose,moose,15,925.7
0MGC7F4K,bird,bird,16,1575.4
0MGC7F4K,eagle,eagle,17,3242.4
0MGC7F4K,vulture,vulture,18,4266.3
0MGC7F4K,polar bear,polar bear,19,3532.6
0MGC7F4K,penguin,penguin,20,1430.7
0MGC7F4K,fish,fish,21,2543.9
0MGC7F4K,shark,shark,22,4074.3
0PRAW6DO,Flamingos,flamingos,1,3298.5
0PRAW6DO,Lion,lion,2,2415.3
0PRAW6DO,Panda,panda,3,2545.5
0PRAW6DO,Octopus,octopus,4,5016.8
0PRAW6DO,Bear,bear,5,2700.7
0PRAW6DO,Cat,cat,6,2665.7
0PRAW6DO,Dog,dog,7,1232.6
0PRAW6DO,Pig,pig,8,4286.3
0PRAW6DO,Cow,cow,9,1960.3
0PRAW6DO,Chicken,chicken,10,2108.1
0PRAW6DO,Turkey,turkey,11,2363
0PRAW6DO,Lizard,lizard,12,5297.5
0PRAW6DO,Ant,ant,13,4848.1
0PRAW6DO,Snake,snake,14,8942.2
0PRAW6DO,Butterfly,butterfly,15,3594.9
0PRAW6DO,Whale,whale,16,5566.9
0QPSDFM3,giraffe,giraffe,1,3041
0QPSDFM3,lion,lion,2,969.4
0QPSDFM3,bird,bird,3,1797.3
0QPSDFM3,dolphin,dolphin,4,1922.7
0QPSDFM3,whale,whale,5,960.5
0QPSDFM3,orca,orca,6,891.6
0QPSDFM3,fish,fish,7,2056.6
0QPSDFM3,goldfish,goldfish,8,2166.9
0QPSDFM3,tiger,tiger,9,3076.5
0QPSDFM3,leopard,leopard,10,3075.2
0QPSDFM3,zebra,zebra,11,2989.9
0QPSDFM3,horse,horse,12,5925.8
0QPSDFM3,rat,rat,13,3010.1
0QPSDFM3,mouse,mouse,14,3881.9
0QPSDFM3,stinkbug,stink bug,15,3191.7
0QPSDFM3,deer,deer,16,3724.9
0QPSDFM3,bear,bear,17,2073.1
0QPSDFM3,polar bear,polar bear,18,2072.6
0QPSDFM3,elephant,elephant,19,3795.7
0QPSDFM3,cow,cow,20,5272.4
0QPSDFM3,pig,pig,21,941.4
0QPSDFM3,sheep,sheep,22,1280.5
0QPSDFM3,goat,goat,23,1508
18HXK612,frog,frog,1,2118.1
18HXK612,rabbit,rabbit,2,2916.8
18HXK612,cat,cat,3,2424.9
18HXK612,dog,dog,4,1288.8
18HXK612,tiger,tiger,5,1545.9
18HXK612,lizzard,lizard,6,2745.4
18HXK612,gecko,gecko,7,2970.1
18HXK612,mole,mole,8,1324.7
18HXK612,rat,rat,9,1155.2
18HXK612,mouse,mouse,10,1490.4
18HXK612,hawk,hawk,11,5498.2
18HXK612,eagle,eagle,12,4930.8
18HXK612,pidgeon,pigeon,13,2387
18HXK612,lion,lion,14,1488.6
18HXK612,jaguar,jaguar,15,2345.4
18HXK612,leopard,leopard,16,3078.8
18HXK612,hyena,hyena,17,1725.5
18HXK612,cheeta,cheetah,18,5858.2
18HXK612,lynx,lynx,19,4630.3
18HXK612,meercat,meerkat,20,3016.7
18HXK612,worm,worm,21,3670.3
1KEVYYJ9,TIGER,tiger,1,3266.1
1KEVYYJ9,LION,lion,2,1281.3
1KEVYYJ9,LIGER,liger,3,1544.6
1KEVYYJ9,PANTHER,panther,4,1482.8
1KEVYYJ9,CAT,cat,5,1274.3
1KEVYYJ9,DOG,dog,6,1724.1
1KEVYYJ9,DOLPHIN,dolphin,7,1811.1
1KEVYYJ9,WHALE,whale,8,2036.2
1KEVYYJ9,ORCA,orca,9,1302.4
1KEVYYJ9,MOSQUITO,mosquito,10,5810.4
1KEVYYJ9,RAT,rat,11,2663.4
1KEVYYJ9,MOUSE,mouse,12,1795
1KEVYYJ9,BAT,bat,13,981.6
1KEVYYJ9,CHIMPANZEE,chimpanzee,14,5466.8
1KEVYYJ9,GORILLA,gorilla,15,2400.6
1KEVYYJ9,HUMAN,human,16,1585
1KEVYYJ9,STARFISH,starfish,17,14408.1
1KEVYYJ9,NEMATOAD,nematode,18,4215.7
20ISZCV2,dog,dog,1,3287
20ISZCV2,monkey,monkey,2,1539
20ISZCV2,fish,fish,3,1323
20ISZCV2,bird,bird,4,1348
20ISZCV2,cat,cat,5,794
20ISZCV2,groundhog,groundhog,6,6087
20ISZCV2,lion,lion,7,5071
20ISZCV2,catfish,catfish,8,3571
20ISZCV2,leopard,leopard,9,4278
20ISZCV2,wolf,wolf,10,2700
20ISZCV2,flounder,flounder,11,22615
2BD455O0,giraffe,giraffe,1,1726.2
2BD455O0,elephant,elephant,2,1082.7
2BD455O0,fish,fish,3,2019.3
2BD455O0,shark,shark,4,1071.2
2BD455O0,human,human,5,2635.9
2BD455O0,chimpanzee,chimpanzee,6,3447.5
2BD455O0,orangutan,orangutan,7,1727.4
2BD455O0,gorilla,gorilla,8,1264.2
2BD455O0,eel,eel,9,1977.5
2BD455O0,wildebeest,wildebeest,10,5963.8
2BD455O0,toucan,toucan,11,977.3
2BD455O0,canary,canary,12,1631.5
2BD455O0,macaw,macaw,13,2556.1
2BD455O0,parakeet,parakeet,14,2845.7
2BD455O0,lion,lion,15,2731.7
2BD455O0,hyena,hyena,16,1019.2
2BD455O0,tiger,tiger,17,791.4
2BD455O0,yak,yak,18,2011.1
2BD455O0,horse,horse,19,1763.2
2BD455O0,cat,cat,20,989.4
2BD455O0,dog,dog,21,775.3
2BD455O0,falcon,falcon,22,5568.9
2BD455O0,hawk,hawk,23,798.8
2BD455O0,eagle,eagle,24,1126.5
2BD455O0,trout,trout,25,1700.1
2BD455O0,salmon,salmon,26,1486.9
2BD455O0,reindeer,reindeer,27,2196.3
2BD455O0,wolf,wolf,28,3899.6
37UDZTHY,cat,cat,1,1359.5
37UDZTHY,dog,dog,2,917
37UDZTHY,mouse,mouse,3,1369
37UDZTHY,rat,rat,4,1013.2
37UDZTHY,bison,bison,5,1299.7
37UDZTHY,elk,elk,6,853.8
37UDZTHY,sheep,sheep,7,1437.4
37UDZTHY,moose,moose,8,1490.6
37UDZTHY,cow,cow,9,745.2
37UDZTHY,wolf,wolf,10,1783.3
37UDZTHY,coyote,coyote,11,1461.7
37UDZTHY,armadillo,armadillo,12,2313.8
37UDZTHY,hummingbird,hummingbird,13,6949.7
37UDZTHY,pig,pig,14,2550.2
37UDZTHY,javelina,javelina,15,2479.3
37UDZTHY,ferret,ferret,16,4087.8
37UDZTHY,squirrel,squirrel,17,5098.5
37UDZTHY,opossum,opossum,18,2890.5
37UDZTHY,raccoon,raccoon,19,9527.5
37UDZTHY,pronghorn,pronghorn,20,5791.2
37UDZTHY,leopard,leopard,21,1897.3
37UDZTHY,lion,lion,22,1911
3YX63NZD,cat,cat,1,1597.6
3YX63NZD,dog,dog,2,1428.3
3YX63NZD,lizard,lizard,3,1942.8
3YX63NZD,chicken,chicken,4,1533.4
3YX63NZD,cow,cow,5,1259
3YX63NZD,moose,moose,6,1949.7
3YX63NZD,deer,deer,7,1162.1
3YX63NZD,turkey,turkey,8,1972.4
3YX63NZD,elephant\,elephant,9,3299.6
3YX63NZD,lion,lion,10,1729.1
3YX63NZD,tiger,tiger,11,3254.2
3YX63NZD,jaguar,jaguar,12,2433
3YX63NZD,puma,puma,13,1776.9
3YX63NZD,cheetah,cheetah,14,2318.4
3YX63NZD,penguin,penguin,15,3813.5
3YX63NZD,alligator,alligator,16,2569.5
3YX63NZD,orca,orca,17,2541.2
3YX63NZD,wha;e,whale,18,1774.1
3YX63NZD,fish,fish,19,5732.1
3YX63NZD,eagle,eagle,20,6327.2
3YX63NZD,parrot,parrot,21,4250.7
3YX63NZD,bluejay,blue jay,22,2939.7
3YX63NZD,robbin,robin,23,2022.3
40SNDKQR,Dog,dog,1,1981
40SNDKQR,Cat,cat,2,1167
40SNDKQR,cow,cow,3,1123
40SNDKQR,pig,pig,4,972
40SNDKQR,giraffe,giraffe,5,1710
40SNDKQR,narwhal,narwhal,6,1288
40SNDKQR,stingray,stingray,7,1865
40SNDKQR,elephant,elephant,8,2017
40SNDKQR,rhino,rhino,9,1928
40SNDKQR,hippo,hippo,10,2516
40SNDKQR,hyena,hyena,11,3153
40SNDKQR,lion,lion,12,1297
40SNDKQR,tiger,tiger,13,860
40SNDKQR,panther,panther,14,2182
40SNDKQR,jellyfish,jellyfish,15,2245
40SNDKQR,shark,shark,16,1523
40SNDKQR,turtle,turtle,17,4522
40SNDKQR,sperm wahle,sperm whale,18,4783
40SNDKQR,kangaroo,kangaroo,19,6009
40SNDKQR,polar bear,polar bear,20,3166
40SNDKQR,panda,panda,21,2383
40SNDKQR,red fox,red fox,22,2213
40SNDKQR,buffalo,buffalo,23,5736
40SNDKQR,cheetah,cheetah,24,2060
476LZI3N,spiders,spiders,1,2126
476LZI3N,dogs,dogs,2,1910
476LZI3N,cats,cats,3,1647
476LZI3N,cows,cows,4,1869
476LZI3N,horses,horses,5,2874
476LZI3N,butterfly,butterfly,6,4708
476LZI3N,polar bears,polar bears,7,2726
476LZI3N,squirrel,squirrel,8,16857
476LZI3N,pig,pig,9,3745
476LZI3N,ginneapig,guinea pig,10,2708
476LZI3N,camaleon,chameleon,11,9722
4CA4DFWP,seal,seal,1,1052.9
4CA4DFWP,cat,cat,2,749.3
4CA4DFWP,dog,dog,3,658.7
4CA4DFWP,mouse,mouse,4,643.7
4CA4DFWP,rat,rat,5,483.1
4CA4DFWP,horse,horse,6,674.2
4CA4DFWP,caribou,caribou,7,1418.7
4CA4DFWP,leapoard,leopard,8,2355.1
4CA4DFWP,leapord seal,leopard seal,9,2150.4
4CA4DFWP,hippo,hippopotamus,10,1114.4
4CA4DFWP,alligator,alligator,11,2045.9
4CA4DFWP,crocodile,crocodile,12,1622.9
4CA4DFWP,lion,lion,13,742.2
4CA4DFWP,tiger,tiger,14,1199.1
4CA4DFWP,gecko,gecko,15,2966.3
4CA4DFWP,lizard,lizard,16,1385.2
4CA4DFWP,spider,spider,17,1268.1
4CA4DFWP,praying mantis,praying mantis,18,2630.5
4CA4DFWP,fish,fish,19,2327.3
4CA4DFWP,seagull,seagull,20,1615.2
4CA4DFWP,bird,bird,21,1431.2
4CA4DFWP,monkey,monkey,22,1117.8
4CA4DFWP,orangatang,orangutan,23,2899.7
4CA4DFWP,cat,cat,24,2492.1
4CA4DFWP,dingo,dingo,25,675.3
4CA4DFWP,coyote,coyote,26,1889.7
4CA4DFWP,wolf,wolf,27,1051.6
4CA4DFWP,bunny,rabbit,28,3089.5
4CA4DFWP,lemming,lemming,29,925.9
4CA4DFWP,rodent,rodent,30,1767.8
4CA4DFWP,marsupial,marsupial,31,1425.8
4CA4DFWP,koala,koala,32,1910.2
4CA4DFWP,platypus,platypus,33,1566.3
4CA4DFWP,kangaroo,kangaroo,34,1975.9
4CA4DFWP,axolylc,axolotl,35,5906.3
56M8U5A5,cat,cat,1,1418
56M8U5A5,dog,dog,2,956
56M8U5A5,fish,fish,3,1185
56M8U5A5,cammel,camel,4,1796
56M8U5A5,rat,rat,5,2087
56M8U5A5,mouse,mouse,6,1486
56M8U5A5,skunk,skunk,7,2118
56M8U5A5,parrot,parrot,8,5890
56M8U5A5,cardinal,cardinal,9,1801
56M8U5A5,blue jay,blue jay,10,2252
56M8U5A5,pidgeon,pigeon,11,3154
56M8U5A5,titmouse,titmouse,12,2710
56M8U5A5,fox,fox,13,1174
56M8U5A5,coyote,coyote,14,5203
56M8U5A5,mountain lion,mountain lion,15,3592
56M8U5A5,mountain goat,mountain goat,16,3113
56M8U5A5,pig,pig,17,1361
56M8U5A5,horse,horse,18,1945
56M8U5A5,peacock,peacock,19,6347
56M8U5A5,dolphin,dolphin,20,4716
56M8U5A5,whale,whale,21,1283
56M8U5A5,jellyfish,jellyfish,22,4024
5K82MZW1,bird,bird,1,2179
5K82MZW1,dog,dog,2,1042
5K82MZW1,cat,cat,3,1618
5K82MZW1,bug,bug,4,1323
5K82MZW1,snail,snail,5,1218
5K82MZW1,mollusk,mollusk,6,1391
5K82MZW1,clam,clam,7,3133
5K82MZW1,tiger,tiger,8,2449
5K82MZW1,lion,lion,9,1009
5K82MZW1,girrafe,giraffe,10,2290
5K82MZW1,elephant,elephant,11,1459
5K82MZW1,rhino,rhino,12,1569
5K82MZW1,panda,panda,13,1158
5K82MZW1,grizzly,grizzly,14,2441
5K82MZW1,polar bear,polar bear,15,1650
5K82MZW1,red panda,red panda,16,3398
5K82MZW1,snake,snake,17,2592
5K82MZW1,lizard,lizard,18,1995
5K82MZW1,salamander,salamander,19,2689
5K82MZW1,frog,frog,20,1657
5K82MZW1,spider,spider,21,5300
5K82MZW1,dingo,dingo,22,4859
5K82MZW1,kangaroo,kangaroo,23,1749
5K82MZW1,koala,koala,24,2038
5K82MZW1,penguin,penguin,25,7103
64LRAXDJ,Hermit crabs,hermit crabs,1,2016.6
64LRAXDJ,Fish,fish,2,1211.6
64LRAXDJ,Tamarins,tamarins,3,3514.2
64LRAXDJ,Macaws,macaws,4,1941.3
64LRAXDJ,Caymans,caiman,5,1541.9
64LRAXDJ,Lizards,lizards,6,2229.5
64LRAXDJ,Snakes,snakes,7,928.3
64LRAXDJ,Dogs,dogs,8,939
64LRAXDJ,Cats,cats,9,777.7
64LRAXDJ,Monkeys,monkeys,10,3423.8
64LRAXDJ,Giraffe,giraffe,11,2720.9
64LRAXDJ,Elephant,elephant,12,1601.4
64LRAXDJ,Cheeta,cheetah,13,1087.2
64LRAXDJ,Panther,panther,14,1540
64LRAXDJ,Puma,puma,15,1251.7
64LRAXDJ,Lion,lion,16,3118.1
64LRAXDJ,Gazelle,gazelle,17,1697
64LRAXDJ,Mouse,mouse,18,3088.4
64LRAXDJ,Mice,mice,19,738.2
64LRAXDJ,Rat,rat,20,866.6
64LRAXDJ,Iguana,iguana,21,4657.4
64LRAXDJ,Opossum,opossum,22,3668.1
64LRAXDJ,Squirrel,squirrel,23,1553.3
64LRAXDJ,Skunk,skunk,24,1546.5
64LRAXDJ,Pigeon,pigeon,25,2858.1
64LRAXDJ,Ant,ant,26,2756.5
64LRAXDJ,Bees,bees,27,3533.9
64LRAXDJ,Hummingbirds,hummingbirds,28,2504.6
6CDVQX7L,binturong,binturong,1,2279
6CDVQX7L,cheetah,cheetah,2,1483
6CDVQX7L,coati,coati,3,1235
6CDVQX7L,dog,dog,4,716
6CDVQX7L,cat,cat,5,565
6CDVQX7L,walrus,walrus,6,1536
6CDVQX7L,sea lion,sea lion,7,2841
6CDVQX7L,cow,cow,8,544
6CDVQX7L,duck,duck,9,981
6CDVQX7L,salmon,salmon,10,2137
6CDVQX7L,clownfish,clownfish,11,3310
6CDVQX7L,rhino,rhino,12,2360
6CDVQX7L,lion,lion,13,911
6CDVQX7L,zebra,zebra,14,1319
6CDVQX7L,orangutan,orangutan,15,2754
6CDVQX7L,clouded leopard,clouded leopard,16,2108
6CDVQX7L,shrew,shrew,17,1237
6CDVQX7L,mole,mole,18,696
6CDVQX7L,snail,snail,19,2408
6CDVQX7L,african wild dog,african wild dog,20,6509
6CDVQX7L,whale,whale,21,1066
6CDVQX7L,blobfish,blobfish,22,3006
6CDVQX7L,eel,eel,23,2812
6CDVQX7L,shark,shark,24,2019
6CDVQX7L,penguin,penguin,25,2338
6CDVQX7L,peacock,peacock,26,1709
6CDVQX7L,chimpanzee,chimpanzee,27,5237
6CDVQX7L,bat,bat,28,783
6CDVQX7L,turtle,turtle,29,1321
6D26ZXC8,Ostrich,ostrich,1,4906
6D26ZXC8,Monkey,monkey,2,3379
6D26ZXC8,Baboon,baboon,3,5780
6D26ZXC8,Zebra,zebra,4,2731
6D26ZXC8,Lion,lion,5,3653
6D26ZXC8,Pig,pig,6,2587
6D26ZXC8,Warthog,warthog,7,2263
6D26ZXC8,Hyena,hyena,8,2180
6D26ZXC8,Goat,goat,9,5505
6D26ZXC8,Sheep,sheep,10,1946
6D26ZXC8,Cow,cow,11,2187
6D26ZXC8,Blue bird,blue bird,12,3739
6D26ZXC8,Northern Cardinal,northern cardinal,13,7347
6D26ZXC8,Anteater,anteater,14,5412
6PJDUW9O,frog,frog,1,3004
6PJDUW9O,dog,dog,2,938
6PJDUW9O,cat,cat,3,1124
6PJDUW9O,lizard,lizard,4,1335
6PJDUW9O,bird,bird,5,4305
6PJDUW9O,alligator,alligator,6,2838
6PJDUW9O,croc,crocodile,7,1224
6PJDUW9O,crab,crab,8,3770
6PJDUW9O,seal,seal,9,1863
6PJDUW9O,sea lion,sea lion,10,2612
6PJDUW9O,shark,shark,11,925
6PJDUW9O,whale,whale,12,1110
6PJDUW9O,cod,cod,13,1421
6PJDUW9O,monkey,monkey,14,4976
6PJDUW9O,dinosaur,dinosaur,15,2473
6PJDUW9O,chicken,chicken,16,3071
6PJDUW9O,pig,pig,17,2979
6PJDUW9O,goat,goat,18,1023
6PJDUW9O,horse,horse,19,1243
6PJDUW9O,sheep,sheep,20,1250
6PJDUW9O,rat,rat,21,2115
6PJDUW9O,guinea pig,guinea pig,22,8670
6PJDUW9O,ferret,ferret,23,1506
6PJDUW9O,bear,bear,24,1057
6VBV95IL,cats,cats,1,2187.2
6VBV95IL,dog,dog,2,897.4
6VBV95IL,lizard,lizard,3,3000.7
6VBV95IL,bird,bird,4,1229.4
6VBV95IL,fish,fish,5,2655.3
6VBV95IL,squid,squid,6,1292.9
6VBV95IL,whale,whale,7,1166.3
6VBV95IL,shark,shark,8,2744.4
6VBV95IL,eel,eel,9,750.7
6VBV95IL,elephant,elephant,10,4171.9
6VBV95IL,zebra,zebra,11,1049.4
6VBV95IL,giraffe,giraffe,12,3117.1
6VBV95IL,boar,boar,13,5399.5
6VBV95IL,big,big,14,1020.4
6VBV95IL,horse,horse,15,2957.5
6VBV95IL,sheep,sheep,16,1003.8
6VBV95IL,goat,goat,17,690.2
6VBV95IL,lepord,leopard,18,5177.8
6VBV95IL,t-rex,t. rex,19,4967.6
6VBV95IL,mouse,mouse,20,3715.7
6VBV95IL,rat,rat,21,2878.5
6XD6NVVO,cat,cat,1,1624
6XD6NVVO,dog,dog,2,1294
6XD6NVVO,mouse,mouse,3,1642
6XD6NVVO,snake,snake,4,2282
6XD6NVVO,goldfish,goldfish,5,6087
6XD6NVVO,elephant,elephant,6,5681
6XD6NVVO,axolotl,axolotl,7,2647
6XD6NVVO,polar bear,polar bear,8,4907
6XD6NVVO,eagle,eagle,9,3466
6XD6NVVO,dolphin,dolphin,10,6716
6XD6NVVO,minsk,minsk,11,6914
6XD6NVVO,pigeon,pigeon,12,13146
73N2RQWR,duck,duck,1,1675
73N2RQWR,bird,bird,2,1088.9
73N2RQWR,cow,cow,3,1042.3
73N2RQWR,chicken,chicken,4,2157.2
73N2RQWR,pig,pig,5,1740.3
73N2RQWR,horse,horse,6,1167.7
73N2RQWR,sheep,sheep,7,1876.2
73N2RQWR,lamb,lamb,8,2154.1
73N2RQWR,dog,dog,9,2252.4
73N2RQWR,cat,cat,10,1239.2
73N2RQWR,snake,snake,11,4769
73N2RQWR,iguana,iguana,12,1945.6
73N2RQWR,lizard,lizard,13,2148
73N2RQWR,salamander,salamander,14,2660.1
73N2RQWR,finch,finch,15,4056.1
73N2RQWR,dinosaur,dinosaur,16,2594.1
73N2RQWR,lemur,lemur,17,2196.2
73N2RQWR,monkey,monkey,18,1467.8
73N2RQWR,ape,ape,19,1002.3
73N2RQWR,ferrett,ferret,20,7656.7
73N2RQWR,seal,seal,21,1168.3
73N2RQWR,lion,lion,22,1916.9
73N2RQWR,sea lion,sea lion,23,2055.5
73N2RQWR,whale,whale,24,1694.3
73N2RQWR,manatee,manatee,25,1892
73N2RQWR,shrimp,shrimp,26,2999.5
7SUXPU9Y,cat,cat,1,2679
7SUXPU9Y,dog,dog,2,1169
7SUXPU9Y,snake,snake,3,1391
7SUXPU9Y,tiger,tiger,4,1318
7SUXPU9Y,monkey,monkey,5,1424
7SUXPU9Y,snail,snail,6,2520
7SUXPU9Y,worm,worm,7,1408
7SUXPU9Y,bird,bird,8,2422
7SUXPU9Y,salamander,salamander,9,7014
7SUXPU9Y,lice,lice,10,4001
7SUXPU9Y,leech,leech,11,2727
7SUXPU9Y,lizard,lizard,12,7067
7SUXPU9Y,elephant,elephant,13,2323
7SUXPU9Y,giraffee,giraffe,14,1829
7SUXPU9Y,lion,lion,15,5240
7SUXPU9Y,starfish,starfish,16,5683
7SUXPU9Y,mussel,mussel,17,1793
7SUXPU9Y,crab,crab,18,6834
86EKSDZC,giraffe,giraffe,1,2577.2
86EKSDZC,cat,cat,2,770.8
86EKSDZC,dog,dog,3,775.8
86EKSDZC,hippo,hippo,4,1140.3
86EKSDZC,lon,lion,5,1317.3
86EKSDZC,lion,lion,6,2232.1
86EKSDZC,tiger,tiger,7,1372
86EKSDZC,elephant,elephant,8,2828.4
86EKSDZC,camel,camel,9,2177
86EKSDZC,bird,bird,10,1947.8
86EKSDZC,parrot,parrot,11,1125.5
86EKSDZC,hawk,hawk,12,1241.8
86EKSDZC,sparrow,sparrow,13,1125
86EKSDZC,dove,dove,14,1254.4
86EKSDZC,carnidal,cardinal,15,2620.5
86EKSDZC,jay,jay,16,2817.1
86EKSDZC,bear,bear,17,6857.8
86EKSDZC,wolf,wolf,18,2193.9
86EKSDZC,bull,bull,19,1627.2
86EKSDZC,cow,cow,20,920.4
86EKSDZC,crocodile,crocodile,21,1666.7
86EKSDZC,alligator,alligator,22,3641.8
86EKSDZC,tardigrade,tardigrade,23,5283.8
86EKSDZC,fish,fish,24,3157.9
86EKSDZC,shark,shark,25,829.6
86EKSDZC,whale,whale,26,1450
86EKSDZC,oyster,oyster,27,3657.9
86EKSDZC,clam,clam,28,1329.7
8BL6X7AX,cat,cat,1,1750
8BL6X7AX,dog,dog,2,1582
8BL6X7AX,zebra,zebra,3,1852
8BL6X7AX,lamb,lamb,4,3012
8BL6X7AX,mouse,mouse,5,2183
8BL6X7AX,beaver,beaver,6,3556
8BL6X7AX,fishes,fish,7,8567
8BL6X7AX,birs,birds,8,2324
8BL6X7AX,bacteria,bacteria,9,6899
8BL6X7AX,humans,humans,10,2002
8BL6X7AX,goats,goats,11,3190
8BL6X7AX,catipilars,caterpillars,12,4137
8BL6X7AX,insects,insects,13,5064
8JEQ20SU,Dog,dog,1,16033.5
8JEQ20SU,cat,cat,2,3284.1
8JEQ20SU,cow,cow,3,1159.7
8JEQ20SU,pig,pig,4,4479.1
8JEQ20SU,sheep,sheep,5,1554.7
8JEQ20SU,goat,goat,6,4145.7
8JEQ20SU,chicken,chicken,7,3463.1
8JEQ20SU,duck,duck,8,3634.5
8JEQ20SU,turkey,turkey,9,3267.4
8JEQ20SU,goose,goose,10,3397.9
8JEQ20SU,rabbit,rabbit,11,4099.6
8JEQ20SU,deer,deer,12,3896.6
8JEQ20SU,elk,elk,13,3368
8PAKX1OM,fish,fish,1,2121
8PAKX1OM,bird,bird,2,1008
8PAKX1OM,dog,dog,3,1074
8PAKX1OM,cat,cat,4,681
8PAKX1OM,kangaroo,kangaroo,5,5563
8PAKX1OM,squirrel,squirrel,6,2709
8PAKX1OM,snail,snail,7,1333
8PAKX1OM,whale,whale,8,2591
8PAKX1OM,norwhal,narwhal,9,1718
8PAKX1OM,beluga,beluga,10,3067
8PAKX1OM,orca,orca,11,2870
8PAKX1OM,frog,frog,12,2513
8PAKX1OM,hedgehog,hedgehog,13,2196
8PAKX1OM,chipmunk,chipmunk,14,6325
8PAKX1OM,snake,snake,15,2303
8PAKX1OM,bat,bat,16,2619
8PAKX1OM,bloodhound,bloodhound,17,5678
8PAKX1OM,flamingo,flamingo,18,6796
8PAKX1OM,horse,horse,19,5237
8ZC5BFHF,squirrel,squirrel,1,1835.9
8ZC5BFHF,chipmunk,chipmunk,2,1634.3
8ZC5BFHF,zebra,zebra,3,1803.3
8ZC5BFHF,giraffe,giraffe,4,1586.1
8ZC5BFHF,dog,dog,5,667
8ZC5BFHF,cat,cat,6,871.6
8ZC5BFHF,lion,lion,7,2225.4
8ZC5BFHF,jaguar,jaguar,8,1716.4
8ZC5BFHF,cougar,cougar,9,1669.6
8ZC5BFHF,cheetah,cheetah,10,3776.6
8ZC5BFHF,dolphin,dolphin,11,2166.9
8ZC5BFHF,fish,fish,12,1065.4
8ZC5BFHF,shark,shark,13,1113
8ZC5BFHF,lizard,lizard,14,3506
8ZC5BFHF,horse,horse,15,2310.7
8ZC5BFHF,cow,cow,16,1020.4
8ZC5BFHF,pig,pig,17,1041.3
8ZC5BFHF,chicken,chicken,18,2041.4
8ZC5BFHF,turkey,turkey,19,1333.6
8ZC5BFHF,donkey,donkey,20,1116.7
8ZC5BFHF,mule,mule,21,880
8ZC5BFHF,orca,orca,22,4374.8
8ZC5BFHF,rabbit,rabbit,23,2624.7
8ZC5BFHF,guinea pig,guinea pig,24,2179
8ZC5BFHF,hamster,hamster,25,2068.2
8ZC5BFHF,ferret,ferret,26,2677.9
8ZC5BFHF,mink,mink,27,2149.9
8ZC5BFHF,moose,moose,28,2204.8
8ZC5BFHF,deer,deer,29,928.7
8ZC5BFHF,hawk,hawk,30,1791.7
8ZC5BFHF,eagle,eagle,31,2227.7
97N7CQ49,Elephant,elephant,1,2405
97N7CQ49,Tiger,tiger,2,1085.9
97N7CQ49,Kangaroo,kangaroo,3,2215.7
97N7CQ49,Bunny,bunny,4,2130.7
97N7CQ49,Possum,possum,5,6721
97N7CQ49,Echidna,echidna,6,3644.7
97N7CQ49,Porcupine,porcupine,7,3232.8
97N7CQ49,Rat,rat,8,1987.9
97N7CQ49,Turtle,turtle,9,3244
97N7CQ49,Zebra,zebra,10,8183.1
97N7CQ49,Lion,lion,11,1438.8
97N7CQ49,Bear,bear,12,2094.6
97N7CQ49,Horse,horse,13,6105.6
97N7CQ49,Dog,dog,14,3077.4
97N7CQ49,Cat,cat,15,943
97N7CQ49,Lizard,lizard,16,3049.3
9KZ4Q91O,green jay,green jay,1,1463.9
9KZ4Q91O,blue jay,blue jay,2,1279.7
9KZ4Q91O,northern cardinal,northern cardinal,3,1506.2
9KZ4Q91O,northern flicker,northern flicker,4,1225.1
9KZ4Q91O,western meadowlark,western meadowlark,5,1537
9KZ4Q91O,eastern meadowlark,eastern meadowlark,6,2090.5
9KZ4Q91O,downy woodpecker,downy woodpecker,7,2000.2
9KZ4Q91O,red-headed woodpecker,red-headed woodpecker,8,2851.4
9KZ4Q91O,song sparrow,song sparrow,9,4178.6
9KZ4Q91O,house sparrow,house sparrow,10,1263
9KZ4Q91O,california towhee,california towhee,11,3362
9KZ4Q91O,spotted towhee,spotted towhee,12,2279.4
9KZ4Q91O,bullfrog,bullfrog,13,2534.4
9KZ4Q91O,red-eyed vireo,red-eyed vireo,14,6845.6
9KZ4Q91O,warbling vireo,warbling vireo,15,1370.3
9KZ4Q91O,brown-headed belican,brown-headed bunting,16,5703.9
9KZ4Q91O,anna's hummingbird,anna's hummingbird,17,2633.8
9KZ4Q91O,rufous-backed hummingbird,rufous-backed hummingbird,18,3473.4
9KZ4Q91O,yellow warbler,yellow warbler,19,3854.7
9KZ4Q91O,black and white warbler,black-and-white warbler,20,1751
9KZ4Q91O,magnolia warbler,magnolia warbler,21,6285.2
9O2ABUMY,Monkey,monkey,1,3196
9O2ABUMY,Sealiion,sea lion,2,2999
9O2ABUMY,Antelope,antelope,3,6419
9O2ABUMY,Ant,ant,4,2608
9O2ABUMY,Cat,cat,5,2438
9O2ABUMY,Dog,dog,6,996
9O2ABUMY,Elephant,elephant,7,3486
9O2ABUMY,Horse,horse,8,3298
9O2ABUMY,Mule,mule,9,2168
9O2ABUMY,Rabbit,rabbit,10,6931
9O2ABUMY,Fox,fox,11,1232
9O2ABUMY,Bull,bull,12,5818
9O2ABUMY,Gecko,gecko,13,4299
9O2ABUMY,Chameleon,chameleon,14,3635
9O2ABUMY,Snake,snake,15,9385
A5YUTA1F,Ant,ant,1,1068
A5YUTA1F,goat,goat,2,1117
A5YUTA1F,cow,cow,3,799
A5YUTA1F,pig,pig,4,1553
A5YUTA1F,elephant,elephant,5,1868
A5YUTA1F,salmon,salmon,6,2394
A5YUTA1F,trout,trout,7,2260
A5YUTA1F,tiger,tiger,8,2443
A5YUTA1F,lion,lion,9,1680
A5YUTA1F,panther,panther,10,1973
A5YUTA1F,skunk,skunk,11,1352
A5YUTA1F,hippo,hippo,12,1844
A5YUTA1F,stork,stork,13,4355
A5YUTA1F,seagull,seagull,14,1932
A5YUTA1F,pigeon,pigeon,15,2574
A5YUTA1F,boar,boar,16,3009
A5YUTA1F,elk,elk,17,1131
A5YUTA1F,reindeer,reindeer,18,3148
A5YUTA1F,dog,dog,19,1120
A5YUTA1F,wolf,wolf,20,997
A5YUTA1F,possum,possum,21,4170
A5YUTA1F,giraffe,giraffe,22,8446
A5YUTA1F,badger,badger,23,3809
A5YUTA1F,raccoon,raccoon,24,3319
AJVNZ9CE,cat,cat,1,2039.4
AJVNZ9CE,dog,dog,2,898
AJVNZ9CE,mouse,mouse,3,1102.7
AJVNZ9CE,rat,rat,4,641.1
AJVNZ9CE,giraffe,giraffe,5,2632.1
AJVNZ9CE,hamster,hamster,6,2710.6
AJVNZ9CE,human,human,7,1390.8
AJVNZ9CE,girbile,gerbil,8,2141.8
AJVNZ9CE,horse,horse,9,1754.2
AJVNZ9CE,pony,pony,10,1404.1
AJVNZ9CE,panda,panda,11,6740.8
AJVNZ9CE,black bear,black bear,12,4658.9
AJVNZ9CE,polar bear,polar bear,13,2199.6
AJVNZ9CE,grizzly bear,grizzly bear,14,3451.2
AJVNZ9CE,birds,birds,15,5558.3
AJVNZ9CE,parrot,parrot,16,1232.2
AJVNZ9CE,moose,moose,17,2172.6
AJVNZ9CE,deer,deer,18,1728.7
AJVNZ9CE,racoon,raccoon,19,2819.2
AJVNZ9CE,monkey,monkey,20,4698.3
AJVNZ9CE,red monkey,red monkey,21,2174
AJVNZ9CE,snake,snake,22,5044.6
AWO2EA8Q,dog,dog,1,1224
AWO2EA8Q,cat,cat,2,580
AWO2EA8Q,bunny,bunny,3,1134
AWO2EA8Q,pig,pig,4,896
AWO2EA8Q,lamb,lamb,5,904
AWO2EA8Q,dinosaur,dinosaur,6,1097
AWO2EA8Q,goat,goat,7,2268
AWO2EA8Q,snake,snake,8,4383
AWO2EA8Q,horse,horse,9,638
AWO2EA8Q,cow,cow,10,1179
AWO2EA8Q,donkey,donkey,11,1187
AWO2EA8Q,axolotl,axolotl,12,3807
AWO2EA8Q,giraffe,giraffe,13,10557
AWO2EA8Q,lion,lion,14,948
AWO2EA8Q,tiger,tiger,15,1584
AWO2EA8Q,cheeta,cheetah,16,965
AWO2EA8Q,leopard,leopard,17,1559
AWO2EA8Q,zebra,zebra,18,2166
AWO2EA8Q,hippo,hippo,19,1928
AWO2EA8Q,wildebeest,wildebeest,20,4575
AWO2EA8Q,meerkat,meerkat,21,7127
AWO2EA8Q,elephant,elephant,22,5897
B3MZX5TF,cheetah,cheetah,1,2531.1
B3MZX5TF,lion,lion,2,848.4
B3MZX5TF,tiger,tiger,3,741
B3MZX5TF,seal,seal,4,1243.7
B3MZX5TF,sheep,sheep,5,2265
B3MZX5TF,cow,cow,6,1968.6
B3MZX5TF,cat,cat,7,747.7
B3MZX5TF,dog,dog,8,492
B3MZX5TF,pig,pig,9,727
B3MZX5TF,hore,horse,10,1406
B3MZX5TF,horse,horse,11,3632.1
B3MZX5TF,snake,snake,12,2042.6
B3MZX5TF,ox,ox,13,5366.5
B3MZX5TF,leopard,leopard,14,4442.9
B3MZX5TF,goat,goat,15,1616.3
BF3MN8ZR,cow,cow,1,4051.2
BF3MN8ZR,rabbit,rabbit,2,2189.8
BF3MN8ZR,horse,horse,3,1576.9
BF3MN8ZR,fish,fish,4,1419.4
BF3MN8ZR,zebra,zebra,5,1934.7
BF3MN8ZR,elephant,elephant,6,3116.2
BF3MN8ZR,lemur,lemur,7,1286.3
BF3MN8ZR,monkey,monkey,8,2241.5
BF3MN8ZR,snake,snake,9,3764.3
BF3MN8ZR,squid,squid,10,1972.7
BF3MN8ZR,dog,dog,11,3452.5
BF3MN8ZR,gerbil,gerbil,12,4818.1
BF3MN8ZR,bird,bird,13,3172.2
BF3MN8ZR,worm,worm,14,3206.3
BF3MN8ZR,anteater,anteater,15,3893.2
BF3MN8ZR,aardvark,aardvark,16,3513.6
BF3MN8ZR,giraffee,giraffe,17,5754.7
BF3MN8ZR,lion,lion,18,2544.3
BWQ1ZSYD,dog,dog,1,1874.7
BWQ1ZSYD,panda,panda,2,1634.1
BWQ1ZSYD,shark,shark,3,2112.6
BWQ1ZSYD,cat,cat,4,1944.5
BWQ1ZSYD,tiger,tiger,5,2574.9
BWQ1ZSYD,horse,horse,6,1519
BWQ1ZSYD,cheetah,cheetah,7,2880.2
BWQ1ZSYD,puma,puma,8,985.1
BWQ1ZSYD,lion,lion,9,2179.9
BWQ1ZSYD,wolf,wolf,10,1903.9
BWQ1ZSYD,bear,bear,11,3764
BWQ1ZSYD,penguin,penguin,12,7317.2
BWQ1ZSYD,seal,seal,13,3019.6
BWQ1ZSYD,monkey,monkey,14,8446.4
BWQ1ZSYD,elephant,elephant,15,4885.7
CI6QQA2Y,girraffe,giraffe,1,3878
CI6QQA2Y,cow,cow,2,1300
CI6QQA2Y,cat,cat,3,811
CI6QQA2Y,dog,dog,4,1148
CI6QQA2Y,turtle,turtle,5,1920
CI6QQA2Y,frog,frog,6,2448
CI6QQA2Y,snake,snake,7,1423
CI6QQA2Y,moose,moose,8,2149
CI6QQA2Y,horse,horse,9,2630
CI6QQA2Y,pig,pig,10,1229
CI6QQA2Y,tiger,tiger,11,1701
CI6QQA2Y,lion,lion,12,1232
CI6QQA2Y,bear,bear,13,1722
CI6QQA2Y,polar bear,polar bear,14,2629
CI6QQA2Y,hog,hog,15,5399
CI6QQA2Y,tortoise,tortoise,16,6483
CI6QQA2Y,goat,goat,17,6641
CI6QQA2Y,hen,hen,18,3760
CI6QQA2Y,rooster,rooster,19,3618
CI6QQA2Y,Gerbil,gerbil,20,6787
DUBYYHYX,birds,birds,1,2674.5
DUBYYHYX,cats,cats,2,1079.8
DUBYYHYX,dogs,dogs,3,1039.7
DUBYYHYX,lizards,lizards,4,3497.1
DUBYYHYX,snakes,snakes,5,2698.8
DUBYYHYX,whales,whales,6,2673.8
DUBYYHYX,stingrays,stingrays,7,4843
DUBYYHYX,crabs,crabs,8,1453.4
DUBYYHYX,lobsters,lobsters,9,2444
DUBYYHYX,squirrels,squirrels,10,3209.1
DUBYYHYX,chipmunks,chipmunks,11,2274.5
DUBYYHYX,hamsters,hamsters,12,1608.6
DUBYYHYX,guinea pigs,guinea pigs,13,4833.2
DUBYYHYX,sharks,sharks,14,5495.3
DUBYYHYX,butterflies,butterflies,15,5727.3
DUBYYHYX,bees,bees,16,1401.8
DUBYYHYX,spiders,spiders,17,4350.3
DUBYYHYX,squid,squid,18,3492
DUBYYHYX,jellyfish,jellyfish,19,1983.3
EA8GWQDV,pig,pig,1,1234.3
EA8GWQDV,horse,horse,2,819.7
EA8GWQDV,donkey,donkey,3,1051.2
EA8GWQDV,cow,cow,4,597.4
EA8GWQDV,sheep,sheep,5,1240.8
EA8GWQDV,dog,dog,6,1550.1
EA8GWQDV,cat,cat,7,730.4
EA8GWQDV,fish,fish,8,780
EA8GWQDV,turtle,turtle,9,1856.5
EA8GWQDV,tortoise,tortoise,10,1743.2
EA8GWQDV,fihs,fish,11,1348.9
EA8GWQDV,shark,shark,12,2737.8
EA8GWQDV,orca,orca,13,2320.2
EA8GWQDV,whal,whale,14,825.4
EA8GWQDV,whale,whale,15,1301.1
EA8GWQDV,seagull,seagull,16,6621
EA8GWQDV,owl,owl,17,1928.5
EA8GWQDV,crow,crow,18,1638.4
EA8GWQDV,fly,fly,19,3811.7
EA8GWQDV,bumblebee,bumblebee,20,2866.6
EA8GWQDV,squirrel,squirrel,21,7482.6
EA8GWQDV,rabbit,rabbit,22,1866.5
EA8GWQDV,hedgehod,hedgehog,23,3604
EA8GWQDV,hedgehog,hedgehog,24,3663.9
EA8GWQDV,chipmunk,chipmunk,25,2848.4
EA8GWQDV,ant,ant,26,2317.5
ESNMRF10,hyrax,hyrax,1,1518
ESNMRF10,elephant,elephant,2,1923
ESNMRF10,trex,t. rex,3,2116
ESNMRF10,iguana,iguana,4,2813
ESNMRF10,iguanadon,iguanodon,5,3068
ESNMRF10,stegosaurus,stegosaurus,6,5506
ESNMRF10,cheetah,cheetah,7,3957
ESNMRF10,hyena,hyena,8,3676
ESNMRF10,zebra,zebra,9,1623
ESNMRF10,okapi,okapi,10,3399
ESNMRF10,tiger,tiger,11,3632
ESNMRF10,crocodile,crocodile,12,1951
ESNMRF10,dog,dog,13,785
ESNMRF10,cat,cat,14,1946
ESNMRF10,horse,horse,15,2150
ESNMRF10,donkey,donkey,16,1777
ESNMRF10,mule,mule,17,1143
ESNMRF10,duck,duck,18,5075
ESNMRF10,chicken,chicken,19,1747
ESNMRF10,bird,bird,20,6249
FDULT82W,cat,cat,1,1240.4
FDULT82W,dog,dog,2,893.2
FDULT82W,pig,pig,3,1614
FDULT82W,rat,rat,4,3078.9
FDULT82W,cow,cow,5,3396.4
FDULT82W,deer,deer,6,4229.7
FDULT82W,bear,bear,7,2109.1
FDULT82W,Squirrel,squirrel,8,7656
FDULT82W,lizard,lizard,9,12936.7
FDULT82W,snake,snake,10,1305.9
FDULT82W,rabbit,rabbit,11,7690.4
FDULT82W,hare,hare,12,1874.7
FDULT82W,groundhog,groundhog,13,3069.3
FDULT82W,Alligator,alligator,14,4155.4
FDULT82W,whale,whale,15,2079.4
FJYUEQN8,Dog,dog,1,1784
FJYUEQN8,cat,cat,2,816
FJYUEQN8,bird,bird,3,919
FJYUEQN8,lizard,lizard,4,3583
FJYUEQN8,tiget,tiger,5,1385
FJYUEQN8,lion,lion,6,956
FJYUEQN8,hyena,hyena,7,1574
FJYUEQN8,leopard,leopard,8,2766
FJYUEQN8,mule,mule,9,1503
FJYUEQN8,horse,horse,10,1744
FJYUEQN8,donkey,donkey,11,2170
FJYUEQN8,llama,llama,12,2502
FJYUEQN8,alpaca,alpaca,13,1947
FJYUEQN8,eagle,eagle,14,3319
FJYUEQN8,hawk,hawk,15,1182
FJYUEQN8,fish,fish,16,3811
FJYUEQN8,whale,whale,17,802
FJYUEQN8,shark,shark,18,993
FJYUEQN8,dolphin,dolphin,19,1677
FJYUEQN8,squirrel,squirrel,20,2329
FJYUEQN8,chipmunk,chipmunk,21,1626
FJYUEQN8,deer,deer,22,1181
FJYUEQN8,bunny,bunny,23,2981
FJYUEQN8,hare,hare,24,1324
FJYUEQN8,hedgehog,hedgehog,25,4725
FJYUEQN8,mole,mole,26,1194
FJYUEQN8,porcupine,porcupine,27,4691
FJYUEQN8,rat,rat,28,1300
FJYUEQN8,mouse,mouse,29,878
FYE2JV3H,Pandas,pandas,1,2340
FYE2JV3H,Rabbits,rabbits,2,2547
FYE2JV3H,Guinea pigs,guinea pigs,3,1933
FYE2JV3H,hamsters,hamsters,4,2828
FYE2JV3H,gerbils,gerbils,5,1253
FYE2JV3H,raccoons,raccoons,6,3701
FYE2JV3H,aye aye,aye-aye,7,2199
FYE2JV3H,rolly pollies,roly-polies,8,5475
FYE2JV3H,isopods,isopods,9,1164
FYE2JV3H,octopus,octopus,10,2045
FYE2JV3H,great white shark,great white shark,11,2400
FYE2JV3H,thresher shark,thresher shark,12,2601
FYE2JV3H,lemon shark,lemon shark,13,2981
FYE2JV3H,leopard seal,leopard seal,14,4229
FYE2JV3H,harbor seal,harbor seal,15,1687
FYE2JV3H,orca,orca,16,1168
FYE2JV3H,dolphin,dolphin,17,2818
FYE2JV3H,amazon pink dolphin,amazon pink dolphin,18,7638
FYE2JV3H,cat,cat,19,2278
FYE2JV3H,dog,dog,20,518
FYE2JV3H,wolf,wolf,21,1895
FYE2JV3H,leopard,leopard,22,2841
G8B6AJJV,cat,cat,1,1215
G8B6AJJV,dog,dog,2,798
G8B6AJJV,raccoon,raccoon,3,2236
G8B6AJJV,squirrel,squirrel,4,2600
G8B6AJJV,polar bear,polar bear,5,1898
G8B6AJJV,aardvark,aardvark,6,1851
G8B6AJJV,shark,shark,7,2160
G8B6AJJV,dolphin,dolphin,8,2611
G8B6AJJV,goldfish,goldfish,9,5696
G8B6AJJV,snake,snake,10,2053
G8B6AJJV,rat,rat,11,1877
G8B6AJJV,mouse,mouse,12,3444
G8B6AJJV,shrew,shrew,13,2467
G8B6AJJV,giraffe,giraffe,14,3430
G8B6AJJV,lion,lion,15,1004
G8B6AJJV,tiger,tiger,16,1099
G8B6AJJV,polar bear,polar bear,17,2706
G8B6AJJV,black bear,black bear,18,2124
G8B6AJJV,leopard,leopard,19,5592
G8B6AJJV,elephant,elephant,20,3700
G8B6AJJV,hippo,hippo,21,3174
GNLFFB4P,zebra,zebra,1,2198
GNLFFB4P,dolphin,dolphin,2,1652.5
GNLFFB4P,shark,shark,3,1165.6
GNLFFB4P,snail,snail,4,1419.4
GNLFFB4P,work,worm,5,678.8
GNLFFB4P,worm,worm,6,1396.5
GNLFFB4P,starfish,starfish,7,2540.5
GNLFFB4P,snake,snake,8,1295.1
GNLFFB4P,horse,horse,9,1717
GNLFFB4P,dog,dog,10,2891.7
GNLFFB4P,cat,cat,11,1360.8
GNLFFB4P,jaguar,jaguar,12,6010.9
GNLFFB4P,cardinal,cardinal,13,2041
GNLFFB4P,jellyfish,jellyfish,14,8153.9
GNLFFB4P,caterpillar,caterpillar,15,4427.5
GNLFFB4P,lemur,lemur,16,4365.4
GNLFFB4P,leopard,leopard,17,1895.2
GNLFFB4P,crab,crab,18,6525.7
GNLFFB4P,lobster,lobster,19,1362.1
GNLFFB4P,salmon,salmon,20,6469.8
H6D2C4VR,rabbit,rabbit,1,3016
H6D2C4VR,squirrel,squirrel,2,1886
H6D2C4VR,chipmunk,chipmunk,3,1572
H6D2C4VR,zebra,zebra,4,1866
H6D2C4VR,horse,horse,5,634
H6D2C4VR,cattle,cattle,6,2626
H6D2C4VR,mouse,mouse,7,1907
H6D2C4VR,dog,dog,8,564
H6D2C4VR,cat,cat,9,720
H6D2C4VR,hamster,hamster,10,3455
H6D2C4VR,groundhog,groundhog,11,1923
H6D2C4VR,pig,pig,12,929
H6D2C4VR,chicken,chicken,13,1906
H6D2C4VR,duck,duck,14,753
H6D2C4VR,turkey,turkey,15,862
H6D2C4VR,lion,lion,16,4144
H6D2C4VR,tiger,tiger,17,716
H6D2C4VR,cheetah,cheetah,18,2048
H6D2C4VR,jaguar,jaguar,19,1356
H6D2C4VR,pigeon,pigeon,20,4204
H6D2C4VR,velociraptor,velociraptor,21,2030
H6D2C4VR,tyrannosaurus,tyrannosaurus,22,3462
H6D2C4VR,human,human,23,1515
H6D2C4VR,gorill,gorilla,24,1696
H6D2C4VR,komodo dragon,komodo dragon,25,4517
H6D2C4VR,lizard,lizard,26,1099
H6D2C4VR,snake,snake,27,2565
H6D2C4VR,frog,frog,28,3310
H6D2C4VR,ant,ant,29,2378
HCBTBYHS,giraffe,giraffe,1,1620
HCBTBYHS,dog,dog,2,513
HCBTBYHS,cat,cat,3,734
HCBTBYHS,lion,lion,4,921
HCBTBYHS,leopard,leopard,5,1335
HCBTBYHS,rhino,rhino,6,3002
HCBTBYHS,platypus,platypus,7,1523
HCBTBYHS,deer,deer,8,703
HCBTBYHS,rabbit,rabbit,9,881
HCBTBYHS,squirrel,squirrel,10,1079
HCBTBYHS,fox,fox,11,1723
HCBTBYHS,coyote,coyote,12,1615
HCBTBYHS,turtle,turtle,13,1406
HCBTBYHS,iguana,iguana,14,4279
HCBTBYHS,guinea pig,guinea pig,15,1199
HCBTBYHS,gerbil,gerbil,16,1208
HCBTBYHS,hamster,hamster,17,1168
HCBTBYHS,elephant,elephant,18,3938
HCBTBYHS,polar bear,polar bear,19,2655
HCBTBYHS,mountain lion,mountain lion,20,6897
HCBTBYHS,bobcat,bobcat,21,6271
HCBTBYHS,crab,crab,22,6244
HCBTBYHS,rooster,rooster,23,4470
HCBTBYHS,pig,pig,24,535
HCBTBYHS,cow,cow,25,756
HCBTBYHS,horse,horse,26,972
HZP27937,cow,cow,1,4158
HZP27937,girrafe,giraffe,2,1436
HZP27937,dog,dog,3,1035
HZP27937,cat,cat,4,980
HZP27937,fish,fish,5,951
HZP27937,flamingo,flamingo,6,2434
HZP27937,bear,bear,7,1113
HZP27937,bird,bird,8,2448
HZP27937,pigeon,pigeon,9,2535
HZP27937,eagle,eagle,10,1749
HZP27937,rat,rat,11,2681
HZP27937,fox,fox,12,849
HZP27937,rabbit,rabbit,13,2034
HZP27937,roach,roach,14,2007
HZP27937,groundhog,groundhog,15,4069
HZP27937,pig,pig,16,983
HZP27937,goat,goat,17,1000
HZP27937,horse,horse,18,1166
HZP27937,chicken,chicken,19,3525
HZP27937,squirrel,squirrel,20,3080
HZP27937,spider,spider,21,6452
HZP27937,sheep,sheep,22,3547
IEOJ1IW3,lizard,lizard,1,1498.4
IEOJ1IW3,dolphin,dolphin,2,1563.5
IEOJ1IW3,whale,whale,3,1033.3
IEOJ1IW3,shark,shark,4,1040.9
IEOJ1IW3,fish,fish,5,1292.5
IEOJ1IW3,bird,bird,6,2794.1
IEOJ1IW3,snake,snake,7,3633.2
IEOJ1IW3,cat,cat,8,1576
IEOJ1IW3,dog,dog,9,1175.7
IEOJ1IW3,rat,rat,10,2074.7
IEOJ1IW3,mouse,mouse,11,1156.7
IEOJ1IW3,guinea pig,guinea pig,12,4838.2
IEOJ1IW3,hamster,hamster,13,5486.5
IEOJ1IW3,seal,seal,14,1476
IEOJ1IW3,bat,bat,15,1204.7
IEOJ1IW3,owl,owl,16,1749.3
IEOJ1IW3,chinchilla,chinchilla,17,6811.7
IEOJ1IW3,weasel,weasel,18,10289.4
IEOJ1IW3,stoat,stoat,19,1877.5
IN92PH3J,monkey,monkey,1,2337.5
IN92PH3J,cat,cat,2,845.6
IN92PH3J,dog,dog,3,733.6
IN92PH3J,koala,koala,4,1995.9
IN92PH3J,chimpanzee,chimpanzee,5,3743.6
IN92PH3J,whale,whale,6,1692.7
IN92PH3J,dolphin,dolphin,7,2180.1
IN92PH3J,salmon,salmon,8,1225.3
IN92PH3J,shrimp,shrimp,9,2872.7
IN92PH3J,prawn,prawn,10,1165.6
IN92PH3J,chicken,chicken,11,2381.3
IN92PH3J,turkey,turkey,12,2447.1
IN92PH3J,cow,cow,13,759.7
IN92PH3J,buffalo,buffalo,14,3139.2
IN92PH3J,human,human,15,4340.2
IN92PH3J,lizard,lizard,16,4340.5
IN92PH3J,bear,bear,17,4852.6
IN92PH3J,polar bear,polar bear,18,1841.2
IN92PH3J,panda,panda,19,2134
IN92PH3J,butterfly,butterfly,20,9778.8
IN92PH3J,bat,bat,21,3664.2
IRFHWRXF,bird,bird,1,1638.7
IRFHWRXF,horse,horse,2,757.4
IRFHWRXF,platypus,platypus,3,2165.1
IRFHWRXF,kiwi,kiwi,4,1641.7
IRFHWRXF,kangaroo,kangaroo,5,1918.9
IRFHWRXF,cat,cat,6,639.5
IRFHWRXF,dog,dog,7,582.4
IRFHWRXF,tiger,tiger,8,1408.1
IRFHWRXF,puma,puma,9,1161.9
IRFHWRXF,elephant,elephant,10,1712.3
IRFHWRXF,giraffe,giraffe,11,1223.2
IRFHWRXF,dolphin,dolphin,12,1960.8
IRFHWRXF,fish,fish,13,567.4
IRFHWRXF,clownfish,clownfish,14,1408.4
IRFHWRXF,crane,crane,15,1960.7
IRFHWRXF,whale,whale,16,4203.9
IRFHWRXF,otter,otter,17,2571.2
IRFHWRXF,sea lion,sea lion,18,2177.6
IRFHWRXF,eagle,eagle,19,3396.8
IRFHWRXF,hawk,hawk,20,716.6
IRFHWRXF,bug,bug,21,4046.5
IRFHWRXF,ant,ant,22,612.2
IRFHWRXF,lion,lion,23,6526.1
IRFHWRXF,donkey,donkey,24,4700.6
IRFHWRXF,cow,cow,25,1348.5
IRFHWRXF,pig,pig,26,729.6
IRFHWRXF,chicken,chicken,27,2828.6
J8N7DCDH,German shepherd,german shepherd,1,4948
J8N7DCDH,golden retriever,golden retriever,2,3915
J8N7DCDH,koala,koala,3,7827
J8N7DCDH,parrot,parrot,4,2368
J8N7DCDH,ferret,ferret,5,2517
J8N7DCDH,cat,cat,6,2814
J8N7DCDH,bird,bird,7,5910
J8N7DCDH,snake,snake,8,1477
J8N7DCDH,rat,rat,9,862
J8N7DCDH,mouse,mouse,10,3724
J8N7DCDH,fish,fish,11,3881
J8N7DCDH,shark,shark,12,3156
J8N7DCDH,dolphin,dolphin,13,3074
J8N7DCDH,tiger,tiger,14,3389
J8N7DCDH,lion,lion,15,1203
J8N7DCDH,flamingo,flamingo,16,3592
J8N7DCDH,bear,bear,17,1808
JDVDZARM,cat,cat,1,1522.5
JDVDZARM,dog,dog,2,770
JDVDZARM,chimp,chimp,3,1467.7
JDVDZARM,goldfish,goldfish,4,4847.9
JDVDZARM,seal,seal,5,1955.9
JDVDZARM,panda,panda,6,3530.1
JDVDZARM,bear,bear,7,4182.5
JDVDZARM,gecko,gecko,8,4668.5
JDVDZARM,horse,horse,9,4247.1
JDVDZARM,zebra,zebra,10,1273.3
JDVDZARM,frog,frog,11,6629.9
JDVDZARM,hamster,hamster,12,7297.1
JDVDZARM,mouse,mouse,13,1371
JDVDZARM,roach,roach,14,7030.6
JDVDZARM,butterfly,butterfly,15,2120.6
JDVDZARM,squirrel,squirrel,16,1844.2
JDVDZARM,polarbear,polar bear,17,3649.2
JEW0DH9D,cat,cat,1,1055.4
JEW0DH9D,dog,dog,2,544.5
JEW0DH9D,bird,bird,3,966.8
JEW0DH9D,whale,whale,4,4617.3
JEW0DH9D,dolphin,dolphin,5,1621.3
JEW0DH9D,crab,crab,6,643.7
JEW0DH9D,pony,pony,7,2925.8
JEW0DH9D,pig,pig,8,2406.3
JEW0DH9D,cow,cow,9,1358
JEW0DH9D,rooster,rooster,10,2535.9
JEW0DH9D,great blue heron,great blue heron,11,6949.8
JEW0DH9D,bald eagle,bald eagle,12,3523.5
JEW0DH9D,red tail hawk,red-tailed hawk,13,3338.2
JEW0DH9D,morning dove,mourning dove,14,3748.9
JEW0DH9D,bear,bear,15,4969.6
JEW0DH9D,polar bear,polar bear,16,1959.7
JEW0DH9D,bruin,bruin,17,1516.7
JEW0DH9D,peacock,peacock,18,5325.9
JEW0DH9D,flyhing squirrle,flying squirrel,19,8077.8
JIMIPV7S,dog,dog,1,1669.8
JIMIPV7S,cat,cat,2,1733.1
JIMIPV7S,tiger,tiger,3,874.8
JIMIPV7S,lion,lion,4,1092
JIMIPV7S,coyote,coyote,5,1974.8
JIMIPV7S,wold,wolf,6,1383.2
JIMIPV7S,fox,fox,7,2066.7
JIMIPV7S,squirrel,squirrel,8,2990.8
JIMIPV7S,chipmunk,chipmunk,9,3560.2
JIMIPV7S,hamster,hamster,10,1689.7
JIMIPV7S,guinea pig,guinea pig,11,2485
JIMIPV7S,ferret,ferret,12,10031.7
JIMIPV7S,weasel,weasel,13,2933.5
JIMIPV7S,bald eagle,bald eagle,14,6500.7
JIMIPV7S,hawk,hawk,15,1833.8
JIMIPV7S,golden eagle,golden eagle,16,2599.7
JIMIPV7S,condor,condor,17,1260.2
JIMIPV7S,osprey,osprey,18,2073
JIMIPV7S,blue jay,blue jay,19,3556.9
JIMIPV7S,robin,robin,20,3051.6
JIMIPV7S,dove,dove,21,1299.7
JIMIPV7S,owl,owl,22,1315.4
K6LTYZJH,dog,dog,1,1876
K6LTYZJH,cat,cat,2,987
K6LTYZJH,bat,bat,3,845
K6LTYZJH,rat,rat,4,737
K6LTYZJH,tiget,tiger,5,1682
K6LTYZJH,lion,lion,6,1753
K6LTYZJH,zebra,zebra,7,2361
K6LTYZJH,monkey,monkey,8,1741
K6LTYZJH,jaguar,jaguar,9,3684
K6LTYZJH,puma,puma,10,1084
K6LTYZJH,lemur,lemur,11,3593
K6LTYZJH,cockroach,cockroach,12,3219
K6LTYZJH,elephant,elephant,13,1684
K6LTYZJH,cobra,cobra,14,3729
K6LTYZJH,whale,whale,15,4189
K6LTYZJH,orca,orca,16,4428
K6LTYZJH,penguin,penguin,17,2288
K6LTYZJH,bear,bear,18,1332
K6LTYZJH,woodpecker,woodpecker,19,7479
K6LTYZJH,songbird,songbird,20,4056
K6LTYZJH,loon,loon,21,1009
K6LTYZJH,mouse,mouse,22,3750
KMXD4OZC,panda,panda,1,801.6
KMXD4OZC,ant eater,anteater,2,2757.5
KMXD4OZC,possum,possum,3,1489.8
KMXD4OZC,raccoon,raccoon,4,1107.8
KMXD4OZC,hippo,hippo,5,1572
KMXD4OZC,alligator,alligator,6,2903.2
KMXD4OZC,crocodile,crocodile,7,1764.1
KMXD4OZC,flaming,flamingo,8,4084.2
KMXD4OZC,butterfly,butterfly,9,1950.8
KMXD4OZC,dog,dog,10,2680.9
KMXD4OZC,cat,cat,11,565.7
KMXD4OZC,lion,lion,12,1089.6
KMXD4OZC,tiger,tiger,13,630.3
KMXD4OZC,squirrel,squirrel,14,6658.1
KMXD4OZC,rat,rat,15,554.4
KMXD4OZC,mice,mice,16,3712.7
KMXD4OZC,bird,bird,17,5125.5
KMXD4OZC,pelican,pelican,18,1208.2
KMXD4OZC,trex,t. rex,19,5403.1
KZ9S5MPC,Hippo,hippo,1,1521
KZ9S5MPC,Elephant,elephant,2,2716
KZ9S5MPC,lizard,lizard,3,2245
KZ9S5MPC,frog,frog,4,1707
KZ9S5MPC,dog,dog,5,973
KZ9S5MPC,cat,cat,6,861
KZ9S5MPC,bird,bird,7,1483
KZ9S5MPC,mouse,mouse,8,1690
KZ9S5MPC,rat,rat,9,743
KZ9S5MPC,toucan,toucan,10,3899
KZ9S5MPC,ant,ant,11,3871
KZ9S5MPC,beetle,beetle,12,3112
KZ9S5MPC,butterfly,butterfly,13,2151
KZ9S5MPC,ladybug,ladybug,14,2209
KZ9S5MPC,praying mantis,praying mantis,15,8025
KZ9S5MPC,snake,snake,16,2924
KZ9S5MPC,anteater,anteater,17,6150
KZ9S5MPC,marmaduke,marmaduke,18,3427
KZ9S5MPC,echidna,echidna,19,6355
KZ9S5MPC,kiwi,kiwi,20,3865
LJSMGNV0,Dog,dog,1,1361
LJSMGNV0,Cat,cat,2,830
LJSMGNV0,Mouse,mouse,3,977
LJSMGNV0,Bird,bird,4,1214
LJSMGNV0,Pidgeon,pigeon,5,2617
LJSMGNV0,Elephant,elephant,6,5122
LJSMGNV0,Hippo,hippo,7,1481
LJSMGNV0,Deer,deer,8,4654
LJSMGNV0,Moose,moose,9,781
LJSMGNV0,Coyote,coyote,10,5769
LJSMGNV0,Monkey,monkey,11,6730
LJSMGNV0,Zebra,zebra,12,8162
LJSMGNV0,Giraffe,giraffe,13,1268
LJSMGNV0,Red Panta,red panda,14,1343
LJSMGNV0,Panda,panda,15,1578
LJSMGNV0,Rhino,rhino,16,4865
LJSMGNV0,bear,bear,17,7450
LJSMGNV0,polar bear,polar bear,18,2935
LN8REBYY,cat,cat,1,3169.1
LN8REBYY,dog,dog,2,761.7
LN8REBYY,pig,pig,3,620.2
LN8REBYY,cow,cow,4,632.3
LN8REBYY,snake,snake,5,2362.5
LN8REBYY,buffalo,buffalo,6,3539.8
LN8REBYY,butterfly,butterfly,7,3989.1
LN8REBYY,shark,shark,8,1622
LN8REBYY,snail,snail,9,876.9
LN8REBYY,dolphin,dolphin,10,5792.7
LN8REBYY,cardinal,cardinal,11,2468.7
LN8REBYY,chickadee,chickadee,12,2824
LN8REBYY,cowbird,cowbird,13,1697.2
LN8REBYY,catbird,catbird,14,2575.5
LN8REBYY,dragonfly,dragonfly,15,5756.5
LN8REBYY,beetle,beetle,16,1370.7
LN8REBYY,elephant,elephant,17,3099.2
LN8REBYY,tiger,tiger,18,1803
LN8REBYY,lion,lion,19,1921.2
LN8REBYY,sloth,sloth,20,2190.2
LN8REBYY,ape,ape,21,2135.4
LN8REBYY,sheep,sheep,22,3316.4
LN8REBYY,ram,ram,23,1203.1
LN8REBYY,bull,bull,24,957.1
LN8REBYY,ewe,ewe,25,912.2
LUKGQM9Q,Cow,cow,1,2319.6
LUKGQM9Q,Dog,dog,2,1178.9
LUKGQM9Q,cat,cat,3,891.6
LUKGQM9Q,lizard,lizard,4,2900
LUKGQM9Q,gecko,gecko,5,4054.3
LUKGQM9Q,giraffe,giraffe,6,2007.8
LUKGQM9Q,elephant,elephant,7,1708.3
LUKGQM9Q,whale,whale,8,3104.7
LUKGQM9Q,snake,snake,9,1333.3
LUKGQM9Q,shark,shark,10,1354.3
LUKGQM9Q,fish,fish,11,1191.5
LUKGQM9Q,eel,eel,12,650.1
LUKGQM9Q,octopus,octopus,13,2504
LUKGQM9Q,starfish,starfish,14,3663.6
LUKGQM9Q,leopard,leopard,15,1981.5
LUKGQM9Q,lion,lion,16,1134.5
LUKGQM9Q,sheep,sheep,17,1349.3
LUKGQM9Q,pig,pig,18,766.5
LUKGQM9Q,monkey,monkey,19,5467.8
LUKGQM9Q,fox,fox,20,15428.2
LUKGQM9Q,chicken,chicken,21,3105.3
MCYP84X4,Dog,dog,1,960
MCYP84X4,Cat,cat,2,759
MCYP84X4,zebra,zebra,3,3729
MCYP84X4,hippo,hippo,4,1251
MCYP84X4,bird,bird,5,2373
MCYP84X4,giraffe,giraffe,6,3151
MCYP84X4,frog,frog,7,2589
MCYP84X4,fly,fly,8,1609
MCYP84X4,bee,bee,9,797
MCYP84X4,fish,fish,10,1597
MCYP84X4,whale,whale,11,1448
MCYP84X4,octopus,octopus,12,3775
MCYP84X4,rhino,rhino,13,1686
MCYP84X4,lion,lion,14,1832
MCYP84X4,fox,fox,15,1919
MCYP84X4,mouse,mouse,16,2075
MCYP84X4,rat,rat,17,632
MCYP84X4,leopard,leopard,18,6449
MCYP84X4,cheetah,cheetah,19,2770
MCYP84X4,hamster,hamster,20,3960
MCYP84X4,guinea pig,guinea pig,21,2642
MCYP84X4,pig,pig,22,1819
MCYP84X4,cow,cow,23,1476
MCYP84X4,chicket,chicken,24,1072
N9V0QKO1,rat,rat,1,1972
N9V0QKO1,cat,cat,2,1112
N9V0QKO1,bat,bat,3,1273
N9V0QKO1,bug,bug,4,1975
N9V0QKO1,grasshopper,grasshopper,5,3318
N9V0QKO1,armadillo,armadillo,6,2061
N9V0QKO1,ox,ox,7,847
N9V0QKO1,tiger,tiger,8,1250
N9V0QKO1,rabbit,rabbit,9,1316
N9V0QKO1,hare,hare,10,1052
N9V0QKO1,dragon,dragon,11,1811
N9V0QKO1,mouse,mouse,12,1464
N9V0QKO1,my ex,my ex,13,3258
N9V0QKO1,buffalo,buffalo,14,3216
N9V0QKO1,monkey,monkey,15,1619
N9V0QKO1,rooster,rooster,16,2431
N9V0QKO1,chicken,chicken,17,1430
N9V0QKO1,hen,hen,18,938
N9V0QKO1,chick,chick,19,1180
N9V0QKO1,flying squirrel,flying squirrel,20,5827
N9V0QKO1,squirrel,squirrel,21,1746
N9V0QKO1,gorilla,gorilla,22,6345
N9V0QKO1,deer,deer,23,4482
N9V0QKO1,fawn,fawn,24,1303
N9V0QKO1,lamb,lamb,25,1404
N9V0QKO1,bunny,bunny,26,2723
N9V0QKO1,fox,fox,27,1403
NHCBLFL1,fish,fish,1,1471
NHCBLFL1,rabbit,rabbit,2,1111
NHCBLFL1,sloth,sloth,3,783
NHCBLFL1,giraffe,giraffe,4,1298
NHCBLFL1,cow,cow,5,1143
NHCBLFL1,moose,moose,6,1009
NHCBLFL1,chicken,chicken,7,1716
NHCBLFL1,cat,cat,8,640
NHCBLFL1,dog,dog,9,778
NHCBLFL1,rabbit,rabbit,10,1166
NHCBLFL1,ferret,ferret,11,1115
NHCBLFL1,mouse,mouse,12,968
NHCBLFL1,rat,rat,13,674
NHCBLFL1,fancy rat,fancy rat,14,2391
NHCBLFL1,elephant,elephant,15,2191
NHCBLFL1,hippo,hippo,16,2627
NHCBLFL1,frog,frog,17,1056
NHCBLFL1,toad,toad,18,1183
NHCBLFL1,turtle,turtle,19,1460
NHCBLFL1,monkey,monkey,20,14525
NHCBLFL1,orangatane,orangutan,21,2765
NHCBLFL1,jaguar,jaguar,22,3873
NHCBLFL1,tiger,tiger,23,858
NHCBLFL1,lion,lion,24,1231
NHCBLFL1,ant eater,anteater,25,6555
NHCBLFL1,narwale,narwhal,26,2091
NHCBLFL1,baboon,baboon,27,1424
NHCBLFL1,sloth,sloth,28,1744
NRXHKYAS,dog,dog,1,1294.4
NRXHKYAS,cat,cat,2,1062.3
NRXHKYAS,lion,lion,3,1263.3
NRXHKYAS,pelican,pelican,4,3250.9
NRXHKYAS,toucan,toucan,5,2136.7
NRXHKYAS,boar,boar,6,1438.9
NRXHKYAS,pig,pig,7,1727.5
NRXHKYAS,hen,hen,8,2383.3
NRXHKYAS,peacock,peacock,9,2359.8
NRXHKYAS,axolotl,axolotl,10,5998.2
NRXHKYAS,salamander,salamander,11,3133.5
NRXHKYAS,parrot,parrot,12,6347
NRXHKYAS,falcon,falcon,13,2757.6
NRXHKYAS,hamster,hamster,14,2801.1
NRXHKYAS,mouse,mouse,15,1225.8
NRXHKYAS,swordfish,swordfish,16,7009.7
NRXHKYAS,beluga,beluga,17,4058.9
NRXHKYAS,seal,seal,18,3830.8
NXGNLGFN,lion,lion,1,1495
NXGNLGFN,dog,dog,2,721
NXGNLGFN,cat,cat,3,584
NXGNLGFN,tiger,tiger,4,1313
NXGNLGFN,ant,ant,5,535
NXGNLGFN,moose,moose,6,1837
NXGNLGFN,deer,deer,7,757
NXGNLGFN,rat,rat,8,2333
NXGNLGFN,mouse,mouse,9,678
NXGNLGFN,fish,fish,10,4926
NXGNLGFN,snake,snake,11,550
NXGNLGFN,monkey,monkey,12,2363
NXGNLGFN,salmon,salmon,13,2520
NXGNLGFN,bee,bee,14,2851
NXGNLGFN,antelope,antelope,15,2514
NXGNLGFN,frog,frog,16,5920
NXGNLGFN,toad,toad,17,527
NXGNLGFN,shark,shark,18,10634
NXGNLGFN,whale,whale,19,1287
NXGNLGFN,elephant,elephant,20,8127
NXGNLGFN,giraffe,giraffe,21,1581
NXGNLGFN,sheep,sheep,22,1135
NXGNLGFN,pig,pig,23,1760
NXGNLGFN,donkey,donkey,24,1569
NXGNLGFN,cow,cow,25,890
NZ8ZTZHG,elephant,elephant,1,4517
NZ8ZTZHG,tiger,tiger,2,2694
NZ8ZTZHG,lion,lion,3,3401
NZ8ZTZHG,giraffe,giraffe,4,4211
NZ8ZTZHG,Zebra,zebra,5,2448
NZ8ZTZHG,Kangoroo,kangaroo,6,5971
NZ8ZTZHG,Koala,koala,7,3473
NZ8ZTZHG,Panda,panda,8,2579
NZ8ZTZHG,Brids,birds,9,2454
NZ8ZTZHG,mole,mole,10,3666
NZ8ZTZHG,Bat,bat,11,1410
NZ8ZTZHG,Red panda,red panda,12,7367
NZ8ZTZHG,Bear,bear,13,2279
NZ8ZTZHG,Monkey,monkey,14,3751
NZ8ZTZHG,Buffalo,buffalo,15,3635
NZ8ZTZHG,Bison,bison,16,3402
O4NB1X6B,cows,cows,1,1116.1
O4NB1X6B,dogs,dogs,2,1795.6
O4NB1X6B,horses,horses,3,1145.7
O4NB1X6B,cats,cats,4,707.9
O4NB1X6B,pigs,pigs,5,1376.7
O4NB1X6B,goats,goats,6,2516
O4NB1X6B,lions,lions,7,2783.3
O4NB1X6B,tigers,tigers,8,1465.3
O4NB1X6B,giraffes,giraffes,9,2442.4
O4NB1X6B,elephants,elephants,10,1840.7
O4NB1X6B,zebras,zebras,11,4868.8
O4NB1X6B,horses,horses,12,15934.9
O4NB1X6B,bobcats,bobcats,13,3931.2
O4NB1X6B,rhino,rhino,14,6002.5
O4NB1X6B,warthog,warthog,15,1895.7
O4NB1X6B,hyena,hyena,16,7143
O4NB1X6B,cheetah,cheetah,17,1317.1
OEQ7A3BW,Lion,lion,1,2980
OEQ7A3BW,Snake,snake,2,2176
OEQ7A3BW,Dog,dog,3,3874
OEQ7A3BW,Cat,cat,4,1255
OEQ7A3BW,Crocodile,crocodile,5,3500
OEQ7A3BW,Giraffe,giraffe,6,5435
OEQ7A3BW,Elephant,elephant,7,2483
OEQ7A3BW,Ostrich,ostrich,8,2190
OEQ7A3BW,Sealion,sea lion,9,3959
OEQ7A3BW,Whale,whale,10,1995
OEQ7A3BW,Buffalo,buffalo,11,2092
OEQ7A3BW,Tiger,tiger,12,4065
OEQ7A3BW,Leopard,leopard,13,3403
OEQ7A3BW,Cockroach,cockroach,14,9359
OEQ7A3BW,Housefly,housefly,15,3450
OEQ7A3BW,Butterfly,butterfly,16,2567
OEQ7A3BW,Bat,bat,17,3267
OUSZQD8K,deer,deer,1,1342.8
OUSZQD8K,cat,cat,2,667.8
OUSZQD8K,mouse,mouse,3,904.7
OUSZQD8K,dog,dog,4,1252.5
OUSZQD8K,bear,bear,5,1574.8
OUSZQD8K,fox,fox,6,2245.8
OUSZQD8K,snake,snake,7,941.8
OUSZQD8K,walrus,walrus,8,2476
OUSZQD8K,seal,seal,9,2220
OUSZQD8K,polar bear,polar bear,10,4856.2
OUSZQD8K,bird,bird,11,1196.6
OUSZQD8K,owl,owl,12,646.8
OUSZQD8K,fish,fish,13,1516.8
OUSZQD8K,octopus,octopus,14,2181.2
OUSZQD8K,crab,crab,15,3343.9
OUSZQD8K,lobster,lobster,16,1569.9
OUSZQD8K,moose,moose,17,5208
OUSZQD8K,squid,squid,18,3160.4
OUSZQD8K,eagle,eagle,19,2125.2
OUSZQD8K,hawk,hawk,20,2699.1
OUSZQD8K,wolf,wolf,21,5808.3
OUSZQD8K,cheetah,cheetah,22,1862
OUSZQD8K,tiger,tiger,23,2184
OUSZQD8K,lion,lion,24,2177.8
OUSZQD8K,zebra,zebra,25,5044.3
OX30M9NX,Dolphin,dolphin,1,1545
OX30M9NX,Squid,squid,2,1028
OX30M9NX,Whale,whale,3,2288
OX30M9NX,Orca,orca,4,2014
OX30M9NX,Seahorse,seahorse,5,4355
OX30M9NX,Fish,fish,6,1226
OX30M9NX,Shark,shark,7,797
OX30M9NX,Penguin,penguin,8,3508
OX30M9NX,Panda,panda,9,1279
OX30M9NX,Polar Bear,polar bear,10,2658
OX30M9NX,Grizzly Bear,grizzly bear,11,1952
OX30M9NX,Finch,finch,12,4670
OX30M9NX,Sand Piper,sand piper,13,2156
OX30M9NX,Monkey,monkey,14,3367
OX30M9NX,Deer,deer,15,2097
OX30M9NX,Bear,bear,16,671
OX30M9NX,Squirrel,squirrel,17,4677
OX30M9NX,Fox,fox,18,764
OX30M9NX,Snake,snake,19,5768
OX30M9NX,Worm,worm,20,4120
OX30M9NX,Elephant,elephant,21,4627
OX30M9NX,Tiger,tiger,22,929
OX30M9NX,Lion,lion,23,1063
PBNU471N,Bear,bear,1,1522.7
PBNU471N,Dog,dog,2,960.4
PBNU471N,Cat,cat,3,986.4
PBNU471N,Lion,lion,4,1493.3
PBNU471N,Panda,panda,5,1826
PBNU471N,Dolphin,dolphin,6,10035.6
PBNU471N,Bunny,bunny,7,7433.3
PBNU471N,Bird,bird,8,3000.1
PBNU471N,Mice,mice,9,2266.7
PBNU471N,Panther,panther,10,6861.7
PLC36LSR,Giraffe,giraffe,1,2319.4
PLC36LSR,Badger,badger,2,1769.4
PLC36LSR,Bat,bat,3,1441.9
PLC36LSR,Dog,dog,4,1449.9
PLC36LSR,Panda,panda,5,3659.6
PLC36LSR,Penguin,penguin,6,2619.8
PLC36LSR,Aardvark,aardvark,7,3710.7
PLC36LSR,Stork,stork,8,5550.6
PLC36LSR,Crane,crane,9,1060.2
PLC36LSR,Robin,robin,10,3548.5
PLC36LSR,Rhino,rhino,11,4710.3
PLC36LSR,Hippo,hippo,12,1970.1
PLC36LSR,Fish,fish,13,2620.4
PLC36LSR,Seahorse,seahorse,14,3729.2
PLC36LSR,Jellyfish,jellyfish,15,2043.6
PLC36LSR,Deer,deer,16,11136.8
PLC36LSR,Elk,elk,17,1459.6
PLC36LSR,Reindeer,reindeer,18,3321.8
PLW1S0CA,Cat,cat,1,1465
PLW1S0CA,Dog,dog,2,467
PLW1S0CA,Kangaroo,kangaroo,3,1234
PLW1S0CA,Platypus,platypus,4,2983
PLW1S0CA,Binturong,binturong,5,2750
PLW1S0CA,Hamster,hamster,6,4356
PLW1S0CA,Gerbil,gerbil,7,961
PLW1S0CA,Lizard,lizard,8,874
PLW1S0CA,Rat,rat,9,1045
PLW1S0CA,Mouse,mouse,10,580
PLW1S0CA,Parrot,parrot,11,4417
PLW1S0CA,Seagull,seagull,12,2706
PLW1S0CA,Macaw,macaw,13,3433
PLW1S0CA,Leopard,leopard,14,5312
PLW1S0CA,Panther,panther,15,848
PLW1S0CA,Lion,lion,16,2235
PLW1S0CA,Tiger,tiger,17,713
PLW1S0CA,Bear,bear,18,447
PLW1S0CA,Cheetah,cheetah,19,4900
PLW1S0CA,Jaguar,jaguar,20,1403
PLW1S0CA,Cougar,cougar,21,6564
PLW1S0CA,Wolf,wolf,22,3921
PLW1S0CA,Jackal,jackal,23,3857
PLW1S0CA,Coyote,coyote,24,756
Q3MFUDV9,Dog,dog,1,1554.4
Q3MFUDV9,Cat,cat,2,1042.3
Q3MFUDV9,Lion,lion,3,1096.4
Q3MFUDV9,Tiger,tiger,4,1344.4
Q3MFUDV9,Cheetah,cheetah,5,1702.1
Q3MFUDV9,Puma,puma,6,1441
Q3MFUDV9,Wolf,wolf,7,3892
Q3MFUDV9,Sheep,sheep,8,3134.1
Q3MFUDV9,Chinchilla,chinchilla,9,3501
Q3MFUDV9,Python,python,10,4597.4
Q3MFUDV9,Caracal,caracal,11,4753.8
Q3MFUDV9,Mouse,mouse,12,3764.2
Q3MFUDV9,Hamster,hamster,13,3168.4
Q3MFUDV9,Gerbil,gerbil,14,6188.3
Q3MFUDV9,Hyena,hyena,15,10709.2
Q3MFUDV9,Elephant,elephant,16,1424.2
Q3MFUDV9,Cow,cow,17,942.9
Q3MFUDV9,Boar,boar,18,4283
QGT05169,Cat,cat,1,2652
QGT05169,Tiger,tiger,2,5186
QGT05169,Lion,lion,3,2086
QGT05169,Elephant,elephant,4,2223
QGT05169,Cow,cow,5,4040
QGT05169,Ant,ant,6,4384
QGT05169,Bees,bees,7,1833
QGT05169,Dog,dog,8,3438
QGT05169,Pig,pig,9,4089
QGT05169,Goat,goat,10,5031
QGT05169,Hen,hen,11,1592
QGT05169,Buffalo,buffalo,12,5852
QGT05169,Chimpanzee,chimpanzee,13,2976
QGT05169,Gorilla,gorilla,14,4814
QGT05169,Panda,panda,15,2252
QGT05169,Deer,deer,16,3540
RLHDN7YZ,giraffe,giraffe,1,1488.9
RLHDN7YZ,dog,dog,2,407.9
RLHDN7YZ,cat,cat,3,931.2
RLHDN7YZ,horse,horse,4,1868.8
RLHDN7YZ,tarsier,tarsier,5,2486.7
RLHDN7YZ,monkey,monkey,6,1633.4
RLHDN7YZ,lion,lion,7,5350.1
RLHDN7YZ,leopard,leopard,8,2250.2
RLHDN7YZ,polar bear,polar bear,9,1637.8
RLHDN7YZ,brown bear,brown bear,10,1903.7
RLHDN7YZ,black bear,black bear,11,2012.9
RLHDN7YZ,seahorse,seahorse,12,4508.5
RLHDN7YZ,dolphin,dolphin,13,1466.4
RLHDN7YZ,shark,shark,14,658.4
RLHDN7YZ,salamander,salamander,15,5991.6
RLHDN7YZ,lizard,lizard,16,1108.2
RLHDN7YZ,cow,cow,17,7720.3
RLHDN7YZ,sheep,sheep,18,1396.6
RLHDN7YZ,chicken,chicken,19,2347.5
RS0Z27EB,dog,dog,1,1470.3
RS0Z27EB,cat,cat,2,598.4
RS0Z27EB,dolphin,dolphin,3,3298.9
RS0Z27EB,chicken,chicken,4,1270.8
RS0Z27EB,horse,horse,5,1024.3
RS0Z27EB,cow,cow,6,1675.7
RS0Z27EB,spider,spider,7,3030.9
RS0Z27EB,mosquito,mosquito,8,2999.8
RS0Z27EB,dragonfly,dragonfly,9,2665.4
RS0Z27EB,whale,whale,10,2767.1
RS0Z27EB,orca,orca,11,2494.2
RS0Z27EB,pufferfish,pufferfish,12,4000.2
RS0Z27EB,shark,shark,13,1655.4
RS0Z27EB,seal,seal,14,2050.1
RS0Z27EB,sea lion,sea lion,15,2411
RS0Z27EB,jellyfish,jellyfish,16,7943.7
RS0Z27EB,goat,goat,17,2022.7
RS0Z27EB,armadillo,armadillo,18,5942.2
RS0Z27EB,iguana,iguana,19,3416.7
RS0Z27EB,gecko,gecko,20,1714
RS0Z27EB,elephant,elephant,21,2077
RS0Z27EB,lion,lion,22,1220.9
RS0Z27EB,zebra,zebra,23,1472.4
S30LA614,GIRAFFE,giraffe,1,2128
S30LA614,ELEPHANT,elephant,2,1550
S30LA614,CAT,cat,3,1288
S30LA614,HORSE,horse,4,1204
S30LA614,DEER,deer,5,1276
S30LA614,COW,cow,6,944
S30LA614,PIG,pig,7,922
S30LA614,CHICKEN,chicken,8,2158
S30LA614,RHINOCEROS,rhinoceros,9,3562
S30LA614,PEACOCK,peacock,10,2916
S30LA614,DUCK,duck,11,2067
S30LA614,MOUSE,mouse,12,1487
S30LA614,SNAKE,snake,13,2980
S30LA614,MONKEY,monkey,14,1847
S30LA614,CHIMPANZEE,chimpanzee,15,4102
S30LA614,DOG,dog,16,1798
S30LA614,LION,lion,17,2721
S30LA614,JAGUAR,jaguar,18,2532
S30LA614,CHEETAH,cheetah,19,1904
S30LA614,KOALA,koala,20,1409
S30LA614,AARDVARK,aardvark,21,3170
S30LA614,BADGER,badger,22,2262
S30LA614,GOAT,goat,23,2906
S30LA614,OPOSSUM,opossum,24,6553
S30LA614,BEAVER,beaver,25,2727
S30LA614,FOX,fox,26,1099
S87Q76NA,dog,dog,1,1768.6
S87Q76NA,cat,cat,2,679.7
S87Q76NA,zebra,zebra,3,1100.8
S87Q76NA,caribu,caribu,4,2108.4
S87Q76NA,mouse,mouse,5,1808.6
S87Q76NA,rat,rat,6,585.6
S87Q76NA,cow,cow,7,1005.1
S87Q76NA,pig,pig,8,675.9
S87Q76NA,elephant,elephant,9,1581.2
S87Q76NA,cheetah,cheetah,10,1543.8
S87Q76NA,sparrow,sparrow,11,3441.5
S87Q76NA,crocodile,crocodile,12,2516.4
S87Q76NA,alagator,alagator,13,1782.5
S87Q76NA,hippo,hippo,14,2542.4
S87Q76NA,rhino,rhino,15,2258.7
S87Q76NA,woodpecker,woodpecker,16,2791.8
S87Q76NA,moose,moose,17,2818.5
S87Q76NA,giraffe,giraffe,18,2322.3
S87Q76NA,whale,whale,19,7412.9
S87Q76NA,dolphin,dolphin,20,3453.4
S87Q76NA,jellyfish,jellyfish,21,2083.6
S87Q76NA,turtle,turtle,22,1808.1
S87Q76NA,seahorse,seahorse,23,1842.3
S87Q76NA,lizard,lizard,24,1556.3
S87Q76NA,frog,frog,25,748.1
S87Q76NA,bunny,bunny,26,1662.7
S87Q76NA,pig,pig,27,2777.1
SENRROOG,dog,dog,1,1427.9
SENRROOG,cat,cat,2,716.6
SENRROOG,rat,rat,3,600.4
SENRROOG,mouse,mouse,4,2116.5
SENRROOG,crocodile,crocodile,5,2576.8
SENRROOG,giraffe,giraffe,6,1849.5
SENRROOG,hippo,hippo,7,1757
SENRROOG,lion,lion,8,933.2
SENRROOG,tiger,tiger,9,1554
SENRROOG,elephant,elephant,10,1965
SENRROOG,rabbit,rabbit,11,4180.9
SENRROOG,deer,deer,12,670.1
SENRROOG,moose,moose,13,962.9
SENRROOG,bird,bird,14,4683.5
SENRROOG,hawk,hawk,15,1623.1
SENRROOG,zebra,zebra,16,3576.9
SENRROOG,donkey,donkey,17,5733.5
SENRROOG,horse,horse,18,933.3
SENRROOG,mule,mule,19,2094.9
SENRROOG,penguin,penguin,20,1793.8
SENRROOG,lemur,lemur,21,2722.6
SENRROOG,wolf,wolf,22,2843.6
SENRROOG,snake,snake,23,4103
SENRROOG,armadillo,armadillo,24,5183.9
T6E9EPOZ,Cat,cat,1,2107.5
T6E9EPOZ,Dog,dog,2,1998.8
T6E9EPOZ,Bat,bat,3,1229.9
T6E9EPOZ,Horse,horse,4,1656.7
T6E9EPOZ,Cow,cow,5,730.7
T6E9EPOZ,Frog,frog,6,3534.3
T6E9EPOZ,Owl,owl,7,4282.6
T6E9EPOZ,Axolotl,axolotl,8,3137.7
T6E9EPOZ,Rabbit,rabbit,9,3724.3
T6E9EPOZ,Rat,rat,10,953.5
T6E9EPOZ,Mouse,mouse,11,1233.6
T6E9EPOZ,Squirrel,squirrel,12,2221.3
T6E9EPOZ,Bear,bear,13,5230.4
T6E9EPOZ,Elephant,elephant,14,3348.2
T6E9EPOZ,Nightingale,nightingale,15,10585.1
TPWBA9PZ,cat,cat,1,2275.6
TPWBA9PZ,dog,dog,2,1210.7
TPWBA9PZ,rhino,rhino,3,1525.9
TPWBA9PZ,snail,snail,4,2464.3
TPWBA9PZ,goldfish,goldfish,5,5118.3
TPWBA9PZ,armadilos,armadillos,6,2825.8
TPWBA9PZ,kangaroo,kangaroo,7,7856.4
TPWBA9PZ,koala,koala,8,5218.1
TPWBA9PZ,racoon,raccoon,9,3166.6
U2N1A8VX,dog,dog,1,1626.2
U2N1A8VX,cat,cat,2,668.7
U2N1A8VX,monkey,monkey,3,3362.8
U2N1A8VX,horse,horse,4,1401.3
U2N1A8VX,zebra,zebra,5,2929.9
U2N1A8VX,antelope,antelope,6,3294.9
U2N1A8VX,anteater,anteater,7,1974.1
U2N1A8VX,jaguar,jaguar,8,3635.3
U2N1A8VX,mustang,mustang,9,1873.5
U2N1A8VX,lion,lion,10,3345.9
U2N1A8VX,fish,fish,11,8898.3
U2N1A8VX,clownfish,clownfish,12,5222.4
U2N1A8VX,dolphin,dolphin,13,2029.8
U2N1A8VX,whale,whale,14,1755.4
U2N1A8VX,mule,mule,15,7842.7
U2N1A8VX,chicken,chicken,16,3505.1
U2N1A8VX,rooster,rooster,17,1400
U4TQC9J3,giraffe,giraffe,1,2430.5
U4TQC9J3,lion,lion,2,2279.7
U4TQC9J3,tiger,tiger,3,1752.4
U4TQC9J3,dragonfly,dragonfly,4,2108.5
U4TQC9J3,fly,fly,5,1606.4
U4TQC9J3,spider,spider,6,1393
U4TQC9J3,monkey,monkey,7,1154.7
U4TQC9J3,gorilla,gorilla,8,2225
U4TQC9J3,parrot,parrot,9,1188.9
U4TQC9J3,parakeet,parakeet,10,1450
U4TQC9J3,cat,cat,11,1475.3
U4TQC9J3,dog,dog,12,2616
U4TQC9J3,rat,rat,13,702.5
U4TQC9J3,mouse,mouse,14,2356
U4TQC9J3,chinchilla,chinchilla,15,2862.3
U4TQC9J3,baboon,baboon,16,1892.6
U4TQC9J3,human,human,17,1522.4
U4TQC9J3,fish,fish,18,1358.2
U4TQC9J3,shark,shark,19,1633.5
U4TQC9J3,goldfish,goldfish,20,3852.8
U4TQC9J3,penguin,penguin,21,3588.7
U4TQC9J3,polar bear,polar bear,22,2133.3
U4TQC9J3,leech,leech,23,2955.3
U4TQC9J3,tick,tick,24,2357.6
U4TQC9J3,deer,deer,25,1878.1
U4TQC9J3,antelope,antelope,26,1412.6
U4TQC9J3,cheetah,cheetah,27,1837.9
U4TQC9J3,panther,panther,28,4484.2
U7RW6MVC,whale,whale,1,2158.1
U7RW6MVC,mouse,mouse,2,2031.2
U7RW6MVC,lion,lion,3,1306.7
U7RW6MVC,cat,cat,4,1003.5
U7RW6MVC,dog,dog,5,1157.4
U7RW6MVC,dolphin,dolphin,6,2461
U7RW6MVC,lemur,lemur,7,1470.5
U7RW6MVC,monkey,monkey,8,1697
U7RW6MVC,gorilla,gorilla,9,1743.5
U7RW6MVC,hamster,hamster,10,1627.7
U7RW6MVC,lizard,lizard,11,1643.4
U7RW6MVC,iguana,iguana,12,2200.6
U7RW6MVC,cheetah,cheetah,13,1793.3
U7RW6MVC,anaconda,anaconda,14,3106.6
U7RW6MVC,fish,fish,15,3244.1
U7RW6MVC,bird,bird,16,1968.8
U7RW6MVC,hedgehog,hedgehog,17,5336.9
U7RW6MVC,boar,boar,18,1229.4
U7RW6MVC,cow,cow,19,1567.6
U7RW6MVC,horse,horse,20,1266.6
U7RW6MVC,pig,pig,21,2039.4
U7RW6MVC,mole,mole,22,4880.2
U7RW6MVC,rabbit,rabbit,23,2271.4
U7RW6MVC,rooster,rooster,24,2838.5
U7RW6MVC,donkey,donkey,25,1841.6
U7RW6MVC,sheep,sheep,26,3277.2
U7RW6MVC,bat,bat,27,2183.9
UIBPJL1Q,elephant,elephant,1,2629
UIBPJL1Q,beaver,beaver,2,1900
UIBPJL1Q,squirrel,squirrel,3,1932
UIBPJL1Q,cat,cat,4,1088
UIBPJL1Q,dog,dog,5,897
UIBPJL1Q,bird,bird,6,2072
UIBPJL1Q,mouse,mouse,7,2611
UIBPJL1Q,rat,rat,8,1304
UIBPJL1Q,zebra,zebra,9,2800
UIBPJL1Q,lion,lion,10,2034
UIBPJL1Q,turtle,turtle,11,3432
UIBPJL1Q,deer,deer,12,2260
UIBPJL1Q,tick,tick,13,1878
UIBPJL1Q,flea,flea,14,2496
UIBPJL1Q,horse,horse,15,3117
UIBPJL1Q,pig,pig,16,2568
UIBPJL1Q,sheep,sheep,17,966
UIBPJL1Q,cow,cow,18,2226
UIBPJL1Q,lamb,lamb,19,6669
UIBPJL1Q,squid,squid,20,1702
UIBPJL1Q,whale,whale,21,2023
UIBPJL1Q,dolphin,dolphin,22,1408
UIBPJL1Q,octopus,octopus,23,2347
UIBPJL1Q,fish,fish,24,3673
UIBPJL1Q,shark,shark,25,2088
UVAI5SO9,guinea pig,guinea pig,1,1836
UVAI5SO9,lion,lion,2,679
UVAI5SO9,zebra,zebra,3,1202
UVAI5SO9,squirrel,squirrel,4,1537
UVAI5SO9,cat,cat,5,896
UVAI5SO9,dog,dog,6,570
UVAI5SO9,fish,fish,7,887
UVAI5SO9,antelope,antelope,8,1959
UVAI5SO9,spider,spider,9,1801
UVAI5SO9,mosquito,mosquito,10,2067
UVAI5SO9,fly,fly,11,1201
UVAI5SO9,goat,goat,12,3814
UVAI5SO9,donkey,donkey,13,1604
UVAI5SO9,mule,mule,14,1481
UVAI5SO9,camel,camel,15,1890
UVAI5SO9,alligator,alligator,16,2545
UVAI5SO9,crocodile,crocodile,17,1132
UVAI5SO9,bear,bear,18,1724
UVAI5SO9,black bear,black bear,19,2477
UVAI5SO9,brown bear,brown bear,20,1866
UVAI5SO9,polar bear,polar bear,21,2151
UVAI5SO9,spirit bear,spirit bear,22,1635
UVAI5SO9,kodiak bear,kodiak bear,23,3613
UVAI5SO9,lizard,lizard,24,2657
UVAI5SO9,salamander,salamander,25,2045
UVAI5SO9,frog,frog,26,635
UVAI5SO9,toad,toad,27,802
UVAI5SO9,horse,horse,28,3460
UVAI5SO9,oyster,oyster,29,3658
UVAI5SO9,clam,clam,30,576
UVAI5SO9,scalloo,scalloo,31,1375
UVAI5SO9,worm,worm,32,2746
VJJ2VCIY,Goat,goat,1,2167.4
VJJ2VCIY,Chicken,chicken,2,1816.7
VJJ2VCIY,Cow,cow,3,1233
VJJ2VCIY,Sheep,sheep,4,1540.7
VJJ2VCIY,Dog,dog,5,1142.9
VJJ2VCIY,cat,cat,6,1879.7
VJJ2VCIY,rat,rat,7,1666.5
VJJ2VCIY,Mosquitoes,mosquitoes,8,3646.9
VJJ2VCIY,Ants,ants,9,1673.7
VJJ2VCIY,Leopard,leopard,10,3357.6
VJJ2VCIY,tiger,tiger,11,1975.3
VJJ2VCIY,cheetah,cheetah,12,3843.5
VJJ2VCIY,lion,lion,13,1441.1
VJJ2VCIY,elephant,elephant,14,5790.7
VJJ2VCIY,giraffe,giraffe,15,5264.5
VJJ2VCIY,panther,panther,16,5310
VJJ2VCIY,fox,fox,17,1956.2
VJJ2VCIY,hippo,hippo,18,5851.6
VJJ2VCIY,snake,snake,19,8198.7
VNHTSXTP,zebra,zebra,1,3185.4
VNHTSXTP,giraffe,giraffe,2,1657
VNHTSXTP,cat,cat,3,1033.8
VNHTSXTP,dog,dog,4,1013.4
VNHTSXTP,pig,pig,5,1124.3
VNHTSXTP,rooster,rooster,6,3522.9
VNHTSXTP,hen,hen,7,1008.2
VNHTSXTP,chicken,chicken,8,1827.1
VNHTSXTP,rhinoceros,rhinoceros,9,3961.3
VNHTSXTP,monkey,monkey,10,3413.6
VNHTSXTP,praire dog,prairie dog,11,2964.4
VNHTSXTP,inchworm,inchworm,12,2912.4
VNHTSXTP,worm,worm,13,1362.1
VNHTSXTP,beetle,beetle,14,3588.8
VNHTSXTP,snake,snake,15,1210
VNHTSXTP,spider,spider,16,2174
VNHTSXTP,mosquito,mosquito,17,2585.4
VNHTSXTP,ladybug,ladybug,18,3152.9
VNHTSXTP,termite,termite,19,2422.9
VNHTSXTP,ant,ant,20,1310.4
VNHTSXTP,frog,frog,21,2691.7
VNHTSXTP,gecko,gecko,22,1724.9
VNHTSXTP,lizard,lizard,23,1966.2
VNHTSXTP,turkey,turkey,24,4233
VNHTSXTP,anteater,anteater,25,2521.3
VNSY2V6A,dog,dog,1,2977.2
VNSY2V6A,cat,cat,2,1261.3
VNSY2V6A,bird,bird,3,2245.7
VNSY2V6A,giraffe,giraffe,4,5988.9
VNSY2V6A,tiger,tiger,5,2128
VNSY2V6A,lion,lion,6,1597.5
VNSY2V6A,camel,camel,7,2776.6
VNSY2V6A,spider,spider,8,4344
VNSY2V6A,elephant,elephant,9,7232.7
VNSY2V6A,fish,fish,10,4107
VNSY2V6A,shark,shark,11,3951.6
VNSY2V6A,whale,whale,12,2251.2
VNSY2V6A,penguin,penguin,13,5697.3
VNSY2V6A,ice bear,ice bear,14,4007.9
VNSY2V6A,brown bear,brown bear,15,5277.9
W6Z3Y3K6,Dog,dog,1,1009.4
W6Z3Y3K6,Cat,cat,2,797.2
W6Z3Y3K6,Penguin,penguin,3,1010.6
W6Z3Y3K6,Seal,seal,4,1566.8
W6Z3Y3K6,Sea Lion,sea lion,5,1566.8
W6Z3Y3K6,Whale,whale,6,1483.3
W6Z3Y3K6,Dolphin,dolphin,7,1949.6
W6Z3Y3K6,Monkey,monkey,8,1900.2
W6Z3Y3K6,Zebra,zebra,9,3749.6
W6Z3Y3K6,Horse,horse,10,988.5
W6Z3Y3K6,Penguin,penguin,11,1462
W6Z3Y3K6,Hyrax,hyrax,12,1433.5
W6Z3Y3K6,Capybara,capybara,13,2966.6
W6Z3Y3K6,Lemur,lemur,14,2689.2
W6Z3Y3K6,Lemming,lemming,15,1610
W6Z3Y3K6,Owl,owl,16,1516.9
W6Z3Y3K6,Lion,lion,17,5600.9
W6Z3Y3K6,Jaguar,jaguar,18,1232.3
W6Z3Y3K6,Tiger,tiger,19,3604.9
W6Z3Y3K6,Eagle,eagle,20,9979.3
W6Z3Y3K6,Turtle,turtle,21,5923.1
W6Z3Y3K6,Alligator,alligator,22,1412.1
W6Z3Y3K6,Crocodile,crocodile,23,1616.5
WU4Q5VLP,Dog,dog,1,1453
WU4Q5VLP,cat,cat,2,1319
WU4Q5VLP,mouce,mouse,3,1952
WU4Q5VLP,elephant,elephant,4,3676
WU4Q5VLP,goldfish,goldfish,5,1695
WU4Q5VLP,otter,otter,6,1575
WU4Q5VLP,whale,whale,7,1148
WU4Q5VLP,iguana,iguana,8,3131
WU4Q5VLP,cockroach,cockroach,9,4465
WU4Q5VLP,ant,ant,10,867
WU4Q5VLP,spider,spider,11,1699
WU4Q5VLP,dolphin,dolphin,12,1957
WU4Q5VLP,lemuer,lemur,13,3991
WU4Q5VLP,camel,camel,14,2208
WU4Q5VLP,toad,toad,15,1144
WU4Q5VLP,frog,frog,16,1019
WU4Q5VLP,gecko,gecko,17,1665
WU4Q5VLP,chameleon,chameleon,18,3782
WU4Q5VLP,bird,bird,19,2803
WU4Q5VLP,eagle,eagle,20,898
WU4Q5VLP,egret,egret,21,1703
WU4Q5VLP,snake,snake,22,2382
WU4Q5VLP,bunny,bunny,23,2715
WU4Q5VLP,mouse,mouse,24,2099
WU4Q5VLP,rat,rat,25,1510
WU4Q5VLP,owl,owl,26,3180
WU4Q5VLP,sheep,sheep,27,2720
WU4Q5VLP,goat,goat,28,889
XAA8CS8F,dog,dog,1,1124
XAA8CS8F,cat,cat,2,574.8
XAA8CS8F,squirrel,squirrel,3,1891.8
XAA8CS8F,mouse,mouse,4,3583.5
XAA8CS8F,chipmunck,chipmunk,5,4234.5
XAA8CS8F,bird,bird,6,2049.5
XAA8CS8F,shark,shark,7,2285.3
XAA8CS8F,snail,snail,8,1114.7
XAA8CS8F,fish,fish,9,1219.6
XAA8CS8F,whale,whale,10,3064.2
XAA8CS8F,hampster,hamster,11,5790.8
XAA8CS8F,pig,pig,12,4399.7
XAA8CS8F,guinnea,guinea,13,1578
XAA8CS8F,cow,cow,14,5480.2
XAA8CS8F,sheep,sheep,15,2121.1
XAA8CS8F,lamb,lamb,16,2470.9
XAA8CS8F,kayote,coyote,17,3942.6
XI93MR3J,cat,cat,1,970
XI93MR3J,dog,dog,2,610
XI93MR3J,cow,cow,3,1107
XI93MR3J,deer,deer,4,1838
XI93MR3J,moose,moose,5,5453
XI93MR3J,frog,frog,6,1031
XI93MR3J,fish,fish,7,822
XI93MR3J,horse,horse,8,3719
XI93MR3J,donkey,donkey,9,1032
XI93MR3J,flea,flea,10,4748
XI93MR3J,dinosaur,dinosaur,11,3787
XI93MR3J,falcon,falcon,12,3348
XI93MR3J,eagle,eagle,13,1334
XI93MR3J,snake,snake,14,2086
XI93MR3J,chicken,chicken,15,3884
XI93MR3J,ostrich,ostrich,16,12162
XI93MR3J,zebra,zebra,17,11324
XILQXDX5,fox,fox,1,2540
XILQXDX5,cow,cow,2,1800
XILQXDX5,capybar,capybara,3,1664
XILQXDX5,panda,panda,4,1948
XILQXDX5,mouse,mouse,5,3622
XILQXDX5,rat,rat,6,618
XILQXDX5,hyrax,hyrax,7,1662
XILQXDX5,whale,whale,8,1467
XILQXDX5,shark,shark,9,1052
XILQXDX5,fish,fish,10,1063
XILQXDX5,scorpion,scorpion,11,2623
XILQXDX5,eagle,eagle,12,1362
XILQXDX5,owl,owl,13,875
XILQXDX5,robin,robin,14,1455
XILQXDX5,snake,snake,15,1886
XILQXDX5,lion,lion,16,1198
XILQXDX5,tiger,tiger,17,2333
XILQXDX5,raven,raven,18,2299
XILQXDX5,guinea pig,guinea pig,19,5953
XILQXDX5,pig,pig,20,685
XILQXDX5,sheep,sheep,21,1155
XILQXDX5,lamb,lamb,22,1310
XILQXDX5,parrot,parrot,23,1808
XILQXDX5,turtle,turtle,24,1029
XILQXDX5,rabbit,rabbit,25,1228
XILQXDX5,seal,seal,26,839
XILQXDX5,sea lion,sea lion,27,2165
XILQXDX5,crab,crab,28,718
XILQXDX5,lobster,lobster,29,1135
XILQXDX5,nematode,nematode,30,3096
XILQXDX5,sponge,sponge,31,1177
XILQXDX5,worm,worm,32,4001
XILQXDX5,fly,fly,33,1699
XJF7RLTQ,lemurs,lemurs,1,2659.2
XJF7RLTQ,monkey,monkey,2,1879
XJF7RLTQ,ape,ape,3,1095
XJF7RLTQ,gorilla,gorilla,4,3232
XJF7RLTQ,bat,bat,5,2520.7
XJF7RLTQ,spiders,spiders,6,4253.3
XJF7RLTQ,lion,lion,7,3372.6
XJF7RLTQ,elephant,elephant,8,3521.9
XJF7RLTQ,frog,frog,9,3117.3
XJF7RLTQ,snake,snake,10,3715.9
XJF7RLTQ,sheep,sheep,11,2087
XJF7RLTQ,toad,toad,12,1428.3
XJF7RLTQ,alligator,alligator,13,4001.1
XJF7RLTQ,goat,goat,14,2728.3
XJF7RLTQ,turtle,turtle,15,5221.5
XJF7RLTQ,bird,bird,16,2176
XJF7RLTQ,swan,swan,17,2822.9
XJF7RLTQ,fish,fish,18,2039.8
XJF7RLTQ,seal,seal,19,1518.9
XJF7RLTQ,whale,whale,20,1618.4
XJF7RLTQ,shark,shark,21,3460.5
XV9JV4CP,dog,dog,1,2472
XV9JV4CP,cat,cat,2,781
XV9JV4CP,fish,fish,3,895
XV9JV4CP,bird,bird,4,971
XV9JV4CP,hamster,hamster,5,2334
XV9JV4CP,gerble,gerbil,6,1696
XV9JV4CP,pig,pig,7,1952
XV9JV4CP,cow,cow,8,1364
XV9JV4CP,sheep,sheep,9,1399
XV9JV4CP,lamb,lamb,10,1186
XV9JV4CP,chicken,chicken,11,3224
XV9JV4CP,rooster,rooster,12,1623
XV9JV4CP,hen,hen,13,1392
XV9JV4CP,giraffe,giraffe,14,7103
XV9JV4CP,gorilla,gorilla,15,3455
XV9JV4CP,chimpanzee,chimpanzee,16,2068
XV9JV4CP,shark,shark,17,1931
XV9JV4CP,whale,whale,18,1051
XV9JV4CP,polar bear,polar bear,19,3701
XV9JV4CP,grizzly bear,grizzly bear,20,2623
XV9JV4CP,bear,bear,21,820
XV9JV4CP,black bear,black bear,22,2514
XV9JV4CP,salmon,salmon,23,1603
XV9JV4CP,trout,trout,24,1626
XV9JV4CP,eagle,eagle,25,2712
XV9JV4CP,snake,snake,26,3730
XV9JV4CP,rat,rat,27,1112
XV9JV4CP,mouse,mouse,28,1444
Y0GQPG0K,cat,cat,1,1166
Y0GQPG0K,dog,dog,2,541
Y0GQPG0K,raccoon,raccoon,3,1529
Y0GQPG0K,lion,lion,4,1314
Y0GQPG0K,tiger,tiger,5,696
Y0GQPG0K,gazella,gazelle,6,1637
Y0GQPG0K,zebra,zebra,7,1680
Y0GQPG0K,squirrel,squirrel,8,989
Y0GQPG0K,robin,robin,9,5386
Y0GQPG0K,snake,snake,10,1154
Y0GQPG0K,human,human,11,1188
Y0GQPG0K,parrot,parrot,12,2925
Y0GQPG0K,bluejay,bluejay,13,2874
Y0GQPG0K,falcon,falcon,14,962
Y0GQPG0K,eagle,eagle,15,440
Y0GQPG0K,capybara,capybara,16,11025
Y0GQPG0K,moose,moose,17,6411
Y0GQPG0K,deer,deer,18,937
Y0GQPG0K,bear,bear,19,737
Y0GQPG0K,fox,fox,20,1823
Y0GQPG0K,vole,vole,21,1277
Y0GQPG0K,mole,mole,22,790
Y0GQPG0K,chicken,chicken,23,3409
Y0GQPG0K,pig,pig,24,1023
Y0GQPG0K,cow,cow,25,463
Y0GQPG0K,hen,hen,26,466
Y0GQPG0K,rooster,rooster,27,701
Y0GQPG0K,duck,duck,28,4683
Y0GQPG0K,goose,goose,29,902
YDKEN7JY,hippo,hippo,1,2256
YDKEN7JY,pig,pig,2,1712
YDKEN7JY,polar bear,polar bear,3,1464
YDKEN7JY,grizzly bear,grizzly bear,4,2243
YDKEN7JY,goldfish,goldfish,5,2233
YDKEN7JY,penguin,penguin,6,1044
YDKEN7JY,moose,moose,7,3046
YDKEN7JY,deer,deer,8,802
YDKEN7JY,snake,snake,9,4145
YDKEN7JY,shark,shark,10,901
YDKEN7JY,dog,dog,11,3379
YDKEN7JY,cat,cat,12,578
YDKEN7JY,rabbit,rabbit,13,2152
YDKEN7JY,boar,boar,14,744
YDKEN7JY,hyena,hyena,15,1089
YDKEN7JY,jackal,jackal,16,1041
YDKEN7JY,javelina,javelina,17,3882
YDKEN7JY,scorpion,scorpion,18,5255
YDKEN7JY,armadillo,armadillo,19,2787
YDKEN7JY,beaver,beaver,20,1264
YDKEN7JY,manatee,manatee,21,4806
YDKEN7JY,sea horse,seahorse,22,3252
YDKEN7JY,swordfish,swordfish,23,4349
YDKEN7JY,walrus,walrus,24,5509
YMQ1DC06,panda,panda,1,2416
YMQ1DC06,tiger,tiger,2,2208
YMQ1DC06,dragon,dragon,3,3107
YMQ1DC06,dog,dog,4,2620
YMQ1DC06,cat,cat,5,1978
YMQ1DC06,moose,moose,6,4776
YMQ1DC06,deer,deer,7,1942
YMQ1DC06,cow,cow,8,1223
YMQ1DC06,iguana,iguana,9,4735
YMQ1DC06,hippo,hippo,10,11194
YMQ1DC06,penguin,penguin,11,2410
YMQ1DC06,turtle,turtle,12,4655
YMQ1DC06,goldfish,goldfish,13,3278
YMQ1DC06,parrot,parrot,14,3683
YMQ1DC06,mouse,mouse,15,3424
YMQ1DC06,horse,horse,16,6094
YP5UHRSA,cat,cat,1,1345.5
YP5UHRSA,dog,dog,2,583.7
YP5UHRSA,horse,horse,3,1133.1
YP5UHRSA,sheep,sheep,4,783.4
YP5UHRSA,pig,pig,5,816.8
YP5UHRSA,mouse,mouse,6,1949
YP5UHRSA,rat,rat,7,550.7
YP5UHRSA,ferret,ferret,8,1184.2
YP5UHRSA,hamster,hamster,9,1115
YP5UHRSA,guinea pig,guinea pig,10,1600.7
YP5UHRSA,iguana,iguana,11,3147.3
YP5UHRSA,lizard,lizard,12,1070.2
YP5UHRSA,salamander,salamander,13,3503.3
YP5UHRSA,snake,snake,14,2325.9
YP5UHRSA,toucan,toucan,15,1815.5
YP5UHRSA,parrot,parrot,16,1238.6
YP5UHRSA,bird,bird,17,4699.6
YP5UHRSA,chicken,chicken,18,949.7
YP5UHRSA,tiger,tiger,19,2066.8
YP5UHRSA,lion,lion,20,1217.1
YP5UHRSA,fox,fox,21,599.7
YP5UHRSA,coyote,coyote,22,1300.9
YP5UHRSA,bear,bear,23,1048.9
YP5UHRSA,llama,llama,24,3400
YP5UHRSA,camel,camel,25,6174.8
YP5UHRSA,lion,lion,26,2587.3
YP5UHRSA,jaguar,jaguar,27,3844.1
YP5UHRSA,puma,puma,28,944
YP5UHRSA,panther,panther,29,1783.6
YP5UHRSA,penguin,penguin,30,2899.6
YP5UHRSA,fish,fish,31,650.2
YQ5FHGIU,Cow,cow,1,2162.7
YQ5FHGIU,Dog,dog,2,1301.4
YQ5FHGIU,Cat,cat,3,1388.4
YQ5FHGIU,Bird,bird,4,1850
YQ5FHGIU,Bug,bug,5,2506.2
YQ5FHGIU,Human,human,6,1267
YQ5FHGIU,Salmon,salmon,7,1316.1
YQ5FHGIU,Tuna,tuna,8,1291
YQ5FHGIU,Trout,trout,9,2337.7
YQ5FHGIU,Cod,cod,10,1417.3
YQ5FHGIU,Goldfish,goldfish,11,2415
YQ5FHGIU,Pufferfish,pufferfish,12,3645.4
YQ5FHGIU,Cobra,cobra,13,1959.1
YQ5FHGIU,Tick,tick,14,10095.3
YQ5FHGIU,Leech,leech,15,1502.7
YQ5FHGIU,Polar Bear,polar bear,16,3723.2
YQ5FHGIU,Golden Bear,golden bear,17,2621
YQ5FHGIU,Brown Bear,brown bear,18,2091
YQ5FHGIU,Pelican,pelican,19,1583.3
YQ5FHGIU,Crow,crow,20,946.6
YQ5FHGIU,Raven,raven,21,2224.9
YQ5FHGIU,Panda,panda,22,7008.7
YQ5FHGIU,Bunny,bunny,23,1344.9
YQ5FHGIU,Hare,hare,24,985.8
YVQX6LL1,Cat,cat,1,1825
YVQX6LL1,Dog,dog,2,2021.5
YVQX6LL1,Fish,fish,3,1508.9
YVQX6LL1,Horse,horse,4,1298.8
YVQX6LL1,Hamster,hamster,5,2917.9
YVQX6LL1,Bird,bird,6,2222.3
YVQX6LL1,Gopher,gopher,7,7424.4
YVQX6LL1,Dophin,dolphin,8,2453.4
YVQX6LL1,Shark,shark,9,981.8
YVQX6LL1,Whale,whale,10,1309.8
YVQX6LL1,Bug,bug,11,8110.8
YVQX6LL1,Gopher,gopher,12,6281.1
YVQX6LL1,Cheetah,cheetah,13,9299.7
YVQX6LL1,Elephant,elephant,14,7224.2
YVQX6LL1,Ferret,ferret,15,4574.4
ZERL6DH6,vulture,vulture,1,1237.8
ZERL6DH6,gerbilk,gerbil,2,1080.3
ZERL6DH6,cat,cat,3,684.8
ZERL6DH6,dog,dog,4,819.8
ZERL6DH6,panda,panda,5,1136.2
ZERL6DH6,raccoon,raccoon,6,1929.4
ZERL6DH6,snake,snake,7,1468.5
ZERL6DH6,pig,pig,8,1464
ZERL6DH6,cow,cow,9,787.8
ZERL6DH6,horse,horse,10,697.7
ZERL6DH6,grizzly bear,grizzly bear,11,4012.7
ZERL6DH6,walrus,walrus,12,1464.4
ZERL6DH6,seal,seal,13,1559
ZERL6DH6,antelope,antelope,14,1931.6
ZERL6DH6,hyena,hyena,15,794.5
ZERL6DH6,deer,deer,16,1066.6
ZERL6DH6,jaguar,jaguar,17,1358.7
ZERL6DH6,macaw,macaw,18,1128.7
ZERL6DH6,panther,panther,19,1322.8
ZERL6DH6,mountain lion,mountain lion,20,2525.5
ZERL6DH6,squirrel,squirrel,21,1737.1
ZERL6DH6,rat,rat,22,2486.5
ZERL6DH6,foosa,ferret,23,3927.5
ZERL6DH6,snow leopard,snow leopard,24,4045.4
ZERL6DH6,wolf,wolf,25,5307.5
ZERL6DH6,fox,fox,26,1059.9
ZERL6DH6,cow,cow,27,2722.4
ZERL6DH6,giraffe,giraffe,28,1211.6
ZERL6DH6,horse,horse,29,1307.1
ZERL6DH6,donkey,donkey,30,3393.7
ZHMH16C4,dog,dog,1,2032.5
ZHMH16C4,cat,cat,2,955.3
ZHMH16C4,cockatoo,cockatoo,3,3411.2
ZHMH16C4,horse,horse,4,4316
ZHMH16C4,cow,cow,5,1193.1
ZHMH16C4,lion,lion,6,2281.8
ZHMH16C4,zebra,zebra,7,1416.4
ZHMH16C4,giraffe,giraffe,8,2382.7
ZHMH16C4,pig,pig,9,11628.3
ZHMH16C4,cow,cow,10,917.1
ZHMH16C4,chicken,chicken,11,5990.8
ZHMH16C4,turkey,turkey,12,2317.8
ZHMH16C4,duck,duck,13,1416.3
ZHMH16C4,lovebird,lovebird,14,6746.6
ZHMH16C4,snake,snake,15,2452.8
ZHMH16C4,mouse,mouse,16,1874.9
ZHMH16C4,squirrel,squirrel,17,2204.3
ZHMH16C4,skunk,skunk,18,2259.4
ZYQ1C8LT,dog,dog,1,1597
ZYQ1C8LT,cat,cat,2,991
ZYQ1C8LT,bird,bird,3,4044
ZYQ1C8LT,giraffe,giraffe,4,2620
ZYQ1C8LT,zebra,zebra,5,4192
ZYQ1C8LT,chicken,chicken,6,3426
ZYQ1C8LT,elephant,elephant,7,9385
ZYQ1C8LT,fish,fish,8,1799
ZYQ1C8LT,whale,whale,9,2326
ZYQ1C8LT,shark,shark,10,1440
ZYQ1C8LT,emu,emu,11,1816
ZYQ1C8LT,mole,mole,12,2105
ZYQ1C8LT,bug,bug,13,1733
ZYQ1C8LT,ant,ant,14,1006
ZYQ1C8LT,spider,spider,15,1659
ZYQ1C8LT,worm,worm,16,4618
ZYQ1C8LT,emu,emu,17,2506
ZYQ1C8LT,hyena,hyena,18,3867
ZYQ1C8LT,wolf,wolf,19,2369
ZYQ1C8LT,seastar,seastar,20,4381
