subject,num_pairs,general_semantic_correl,indv_semantic_correl,indv_sub_general
00K73X1D,32,-0.05688290790574421,-0.11643733589443002,-0.05955442798868581
0GMT2ITP,55,-0.41572935141616807,-0.16353881545089877,0.2521905359652693
0L28O7LJ,39,-0.5016134115088015,-0.2767839914055269,0.22482942010327456
0MGC7F4K,20,-0.7597676058618721,-0.310926390695914,0.4488412151659581
0QPSDFM3,48,-0.36957966097502565,-0.056704339133717585,0.31287532184130806
18HXK612,31,-0.37665193893510335,-0.3688263248103141,0.00782561412478927
20ISZCV2,12,0.36732991979155083,0.27700153368145713,-0.0903283861100937
2BD455O0,71,-0.46599548643928296,0.059587701946362696,0.5255831883856457
37UDZTHY,21,-0.5979408522471322,0.10890227495014988,0.7068431271972822
3YX63NZD,39,-0.5339696950593837,-0.23353337635353952,0.3004363187058442
40SNDKQR,21,-0.6768129679881058,0.03398654867351655,0.7107995166616223
476LZI3N,15,0.06647351366028811,0.052407513905085634,-0.01406599975520248
4CA4DFWP,35,-0.4607864020379771,-0.31524027913679536,0.14554612290118174
56M8U5A5,31,-0.3862651992412216,-0.22411763607285845,0.16214756316836315
5K82MZW1,52,-0.34011319267695816,-0.10797844348377034,0.23213474919318783
6CDVQX7L,27,-0.32873626793004324,0.12727927705646053,0.45601554498650376
6PJDUW9O,41,-0.4177966348960767,-0.26075344685153434,0.15704318804454237
6VBV95IL,26,-0.5804902261024749,-0.37992542628634035,0.20056479981613456
6XD6NVVO,10,-0.5589518135099367,-0.30993146004342975,0.24902035346650697
73N2RQWR,46,-0.5525545278117648,-0.26238960432636166,0.2901649234854032
7SUXPU9Y,24,-0.12104378434943087,-0.06324358685106246,0.057800197498368414
86EKSDZC,28,-0.5479360503538659,0.18665496688302016,0.7345910172368861
8BL6X7AX,13,-0.5213829585897417,-0.3432790721081532,0.17810388648158848
8JEQ20SU,12,0.24648907260291253,0.0076169793576695835,-0.23887209324524294
8PAKX1OM,27,-0.2501606362486519,-0.06729554178512502,0.1828650944635269
8ZC5BFHF,58,-0.4011603108491385,-0.19824503757512082,0.20291527327401768
9KZ4Q91O,25,0.16843385174132713,-0.21747047633037211,-0.3859043280716993
A5YUTA1F,23,-0.47697872913409894,-0.4050940357607847,0.07188469337331427
AJVNZ9CE,37,-0.321087732690172,-0.2272311076767644,0.09385662501340758
AWO2EA8Q,33,-0.7413810264352753,-0.3188054555425708,0.4225755708927045
B3MZX5TF,46,-0.4291852830277167,-0.21538773685638282,0.21379754617133387
BF3MN8ZR,31,-0.4413439734350737,0.016535504743254437,0.45787947817832814
BWQ1ZSYD,14,-0.2810727339262153,0.12424910331193145,0.40532183723814674
CI6QQA2Y,31,-0.6403727993814905,-0.3833759631017081,0.2569968362797824
EA8GWQDV,50,-0.5591471897206566,0.023626948265866723,0.5827741379865233
ESNMRF10,43,-0.4181951632053667,-0.18870050723639437,0.22949465596897234
FDULT82W,12,-0.42403575147112293,-0.2835154538972569,0.14052029757386603
FJYUEQN8,44,-0.5766738762906714,-0.23111899379173512,0.34555488249893623
FYE2JV3H,13,-0.11988613981487897,-0.1099952106572505,0.009890929157628472
G8B6AJJV,34,-0.47531984205020217,-0.18378966739730485,0.2915301746528973
GNLFFB4P,54,-0.07086941340861057,-0.26245724357775563,-0.19158783016914505
H6D2C4VR,44,-0.33809118927572385,-0.22330002268734608,0.11479116658837776
HCBTBYHS,30,-0.5282364889738493,-0.3279236650721416,0.20031282390170774
HZP27937,29,-0.38768255770961446,-0.27375147158997015,0.11393108611964431
IEOJ1IW3,33,-0.05759878747038248,-0.18006240752213695,-0.12246362005175447
IN92PH3J,38,-0.5578066675215638,-0.3208295214434865,0.23697714607807735
IRFHWRXF,46,-0.3721370208125326,-0.20182620141016247,0.1703108194023701
J8N7DCDH,19,-0.7165599933479005,-0.40168658895135734,0.3148734043965432
JDVDZARM,15,-0.419226084414571,-0.2638836747411859,0.15534240967338508
JEW0DH9D,25,-0.6071161639636072,-0.26738196095888095,0.3397342030047263
JIMIPV7S,35,-0.6687333236644623,-0.06666558505226226,0.6020677386122
K6LTYZJH,26,-0.15213965230045862,-0.05031455758988925,0.10182509471056936
KMXD4OZC,26,-0.528011259712157,-0.21938358436548175,0.30862767534667523
KZ9S5MPC,23,-0.4474542129332825,-0.06992347463321588,0.37753073830006667
LN8REBYY,31,-0.4563313591379724,-0.1681543989445282,0.2881769601934442
LUKGQM9Q,19,-0.5189617087423118,-0.12633818891826504,0.3926235198240468
MCYP84X4,21,-0.5567551972111492,-0.4214175420052549,0.1353376552058943
N9V0QKO1,29,-0.47073816717973493,-0.11912298313642844,0.3516151840433065
NHCBLFL1,39,-0.334639553860455,-0.3878865635173525,-0.05324700965689749
NRXHKYAS,24,-0.581219052063629,-0.23336271392594338,0.34785633813768563
NXGNLGFN,32,-0.4809664587480878,-0.3476207859813358,0.13334567276675202
NZ8ZTZHG,5,-0.6744488716495378,-0.7171977319938379,-0.04274886034430003
O4NB1X6B,24,-0.2864021981116729,-0.014224577672667613,0.2721776204390053
OUSZQD8K,33,-0.600597232949571,-0.13492556312469745,0.46567166982487357
PLC36LSR,19,-0.5935949643510481,-0.14530246882016642,0.4482924955308817
PLW1S0CA,23,-0.6100403029425501,-0.14451610691199115,0.46552419603055895
QGT05169,19,-0.472843025067165,-0.4434834639811441,0.029359561086020947
RLHDN7YZ,26,-0.44191908665776714,-0.16056131277237207,0.28135777388539507
RS0Z27EB,22,-0.7433965913714838,-0.21601944976319204,0.5273771416082917
S87Q76NA,28,-0.7020265305419323,-0.23461726340335445,0.4674092671385779
SENRROOG,34,-0.39320978184140903,-0.2500107696319574,0.14319901220945164
TPWBA9PZ,8,-0.9088252757548945,-0.44480502814396833,0.46402024761092614
U2N1A8VX,14,-0.6042078633704296,-0.5327786755315311,0.07142918783889851
U7RW6MVC,37,-0.3358897851142458,-0.13963051353797834,0.19625927157626744
UIBPJL1Q,33,-0.2469516577104048,-0.26712857912618376,-0.020176921415778953
UVAI5SO9,36,-0.5232090912130645,-0.05625124155106931,0.46695784966199516
VJJ2VCIY,12,-0.5700854364780645,-0.3515093424361305,0.218576094041934
VNHTSXTP,31,-0.4284924359858549,-0.13545663997499902,0.2930357960108559
VNSY2V6A,13,-0.3945008274747726,-0.5139308668667711,-0.11943003939199853
WU4Q5VLP,30,-0.36889505903525244,-0.4127472131119032,-0.04385215407665077
XAA8CS8F,24,-0.1299577377575086,-0.134274252006528,-0.00431651424901941
XI93MR3J,19,-0.39579790762558137,-0.11905722083530394,0.2767406867902774
XILQXDX5,41,-0.44479634097600024,-0.2082902899486351,0.23650605102736513
XJF7RLTQ,22,-0.4053986428715044,0.4407599548539664,0.8461585977254709
XV9JV4CP,26,-0.675775287129229,-0.2705149429330221,0.4052603441962069
Y0GQPG0K,40,-0.6161945225100434,-0.3711673857376143,0.24502713677242904
YDKEN7JY,39,-0.1917848559467393,-0.041547785838858195,0.15023707010788112
YMQ1DC06,20,-0.23375554931073425,-0.36871659312197735,-0.1349610438112431
YP5UHRSA,49,-0.38527020245005567,-0.1037939841449114,0.28147621830514424
ZERL6DH6,53,-0.13195652710930608,-0.09572533774470958,0.0362311893645965
ZHMH16C4,39,-0.49692474988538693,-0.41155229644107805,0.08537245344430888
ZYQ1C8LT,29,-0.08098718096317258,-0.1405715938512237,-0.05958441288805112
