Subject,Fluency_Item,Semantic_Similarity,Frequency_Value,Phonological_Similarity
00K73X1D,alysa liu,0.0001,1.5,0.0001
00K73X1D,isabelle levito,0.23750377645354992,0.0001,0.1111
00K73X1D,amber glenn,0.1562600814082048,3.67,0.1111
00K73X1D,tom brady,0.19145453596469575,3.91,0.0001
00K73X1D,mikaela shiffrin,0.008690855059473979,1.71,0.1111
00K73X1D,eileen gu,0.2506114667513738,3.07,0.0001
0GMT2ITP,swimmer,0.0001,3.49,0.0001
0GMT2ITP,baseball player,0.44303903346018103,4.45,0.1111
0GMT2ITP,football player,0.710800716237587,4.85,0.0001
0GMT2ITP,michael phelps,0.2927160490987408,3.54,0.0001
0GMT2ITP,tennis player,0.37462563513367675,4.29,0.0001
0GMT2ITP,venus williams,0.4026087689063629,3.75,0.0001
0GMT2ITP,serena williams,0.6751445963443865,3.6,0.0769
0GMT2ITP,travis kelce,0.1745903628228609,2.02,0.1667
0GMT2ITP,soccer players,0.28509198831963434,4.42,0.0001
0GMT2ITP,gymnasts,0.33653758218161456,2.74,0.0833
0GMT2ITP,simone biles,0.3629183655071224,2.3,0.1
0GMT2ITP,ian crocker,0.34734556688053697,3.01,0.0001
0GMT2ITP,tom brady,0.36403191325627937,3.91,0.125
0GMT2ITP,grok,0.15910915013811344,1.88,0.0833
0L28O7LJ,eileen gu,0.0001,3.07,0.0001
0L28O7LJ,chloe kim,0.3828857076780867,3.69,0.0909
0L28O7LJ,stephen curry,0.26724914309127,3.85,0.2857
0L28O7LJ,jimmy butler,0.39072175517118635,3.92,0.0001
0L28O7LJ,jayson tatum,0.3571741600259084,2.61,0.3077
0L28O7LJ,alysa liu,0.2634653396475539,1.5,0.0001
0MGC7F4K,serena williams,0.0001,3.6,0.0001
0MGC7F4K,travis kelce,0.1745903628228609,2.02,0.1667
0PRAW6DO,leo messi,0.0001,3.64,0.0001
0PRAW6DO,cristiano ronaldo,0.5676691871765078,3.2,0.1111
0QPSDFM3,michael phelps,0.0001,3.54,0.0001
0QPSDFM3,katie ledecky,0.48233495829732176,2.08,0.1538
0QPSDFM3,gretchen walsh,0.3238801991616804,3.0,0.0909
0QPSDFM3,alex walsh,0.5996443931309887,3.78,0.0909
0QPSDFM3,kate douglas,0.3901068837523156,3.97,0.0769
0QPSDFM3,claire curzan,0.28509051848850175,0.0001,0.0769
0QPSDFM3,yousef ramadan,0.13008247667498807,2.55,0.0769
0QPSDFM3,leon marchand,0.12637662991884135,2.78,0.0769
0QPSDFM3,simone biles,0.31435413416724645,2.3,0.0769
0QPSDFM3,naomi osaka,0.39694398197740044,3.3,0.0001
0QPSDFM3,serena williams,0.39524953343253744,3.6,0.2222
0QPSDFM3,venus williams,0.6751445963443865,3.75,0.0769
0QPSDFM3,andre agassi,0.3533995473041529,2.47,0.0769
18HXK612,russell wilson,0.0001,4.12,0.0001
18HXK612,babe ruth,0.36675214110023635,3.78,0.0001
18HXK612,michael jordan,0.4360444497049527,4.41,0.0909
18HXK612,tom brady,0.44125627397424294,3.91,0.1
18HXK612,wayne gretzky,0.388329331435288,2.79,0.0833
18HXK612,cristiano ronaldo,0.3588135864874571,3.2,0.1667
18HXK612,aaron rodgers,0.36571938030671103,3.67,0.1538
1KEVYYJ9,lebron james,0.0001,3.88,0.0001
1KEVYYJ9,lionel messi,0.4248549611408393,3.45,0.0833
1KEVYYJ9,shaquille o'neal,0.3293530454743324,2.47,0.0001
1KEVYYJ9,cristiano ronaldo,0.33542163348187026,3.2,0.1111
1KEVYYJ9,kobe bryant,0.4315592779847457,3.43,0.1
20ISZCV2,tom brady,0.0001,3.91,0.0001
20ISZCV2,michael jordan,0.44125627397424294,4.41,0.1
20ISZCV2,david ortiz,0.3530637152707975,3.3,0.25
20ISZCV2,tiger woods,0.32047793572172656,4.07,0.0833
20ISZCV2,drew brees,0.23606592618412203,2.97,0.2222
20ISZCV2,jj watt,0.3600137288271036,3.36,0.0001
2BD455O0,bill haas,0.0001,3.2,0.0001
2BD455O0,jordan spieth,0.3014433959725551,2.89,0.0833
2BD455O0,carlos alcaraz,0.295992728344474,1.88,0.1
2BD455O0,andre agassi,0.30063424164613806,2.47,0.1
2BD455O0,naomi osaka,0.22195312069810635,3.3,0.2222
2BD455O0,yuzuru hanyu,0.22544033585727208,1.87,0.2667
2BD455O0,nadia comaneci,0.2918954835494818,1.51,0.1333
2BD455O0,tom brady,0.19284120206580546,3.91,0.1
2BD455O0,ben roethlisberger,0.5343225952741478,2.7,0.1111
2BD455O0,peyton manning,0.4698916940097636,3.4,0.0001
2BD455O0,eli manning,0.7122595755941228,3.49,0.1333
2BD455O0,tiger woods,0.24579701979224078,4.07,0.1333
2BD455O0,phil mickelson,0.5187965334523331,2.6,0.0909
2BD455O0,fred couples,0.2565205582274148,3.97,0.25
2BD455O0,chloe kim,0.22119774466420594,3.69,0.0833
2BD455O0,simone biles,0.293940656491245,2.3,0.0001
2BD455O0,deshaun watson,0.2154373638811029,2.32,0.0001
2BD455O0,aaron jones,0.3255819827015378,4.11,0.1538
37UDZTHY,michael jordan,0.0001,4.41,0.0001
37UDZTHY,lebron,0.5795786507647724,3.91,0.1
37UDZTHY,kyrie,0.575345704065218,3.31,0.0001
37UDZTHY,luka doncic,0.3656865508467192,2.04,0.0625
37UDZTHY,kd,0.22408240834404347,3.48,0.1429
37UDZTHY,lil'jordan humphrey,0.11264602931861689,0.0001,0.0952
37UDZTHY,brenden schooler,0.17248403599417916,2.1,0.0001
37UDZTHY,vince young,0.3521265345412605,3.89,0.0909
37UDZTHY,bob knight,0.1864334566057263,4.12,0.1818
37UDZTHY,quinn ewers,0.29256000791034065,1.97,0.0909
37UDZTHY,adonai mitchell,0.3751200006107842,2.25,0.1111
37UDZTHY,connor robertson,0.32820530487174415,3.52,0.125
37UDZTHY,bijan robinson,0.23497521482931127,2.06,0.0625
3YX63NZD,lebron james,0.0001,3.88,0.0001
3YX63NZD,steph curry,0.5295220562859622,3.33,0.0001
3YX63NZD,kevin durant,0.49223843881423224,3.45,0.0001
3YX63NZD,amen thompson,0.1658011745847281,3.77,0.0556
3YX63NZD,jamal murray,0.20704677625924917,3.44,0.125
3YX63NZD,michael porter jr.,0.39625472032343967,3.85,0.0001
3YX63NZD,devin booker,0.41375067845601987,3.09,0.125
3YX63NZD,anthony edwards,0.33422723613650085,3.89,0.1
3YX63NZD,shai gilgeous-alexander,0.042464169786589845,0.0001,0.0001
3YX63NZD,jalen johnson,0.1542436926112717,2.72,0.0909
3YX63NZD,trae young,0.43294981036011326,2.43,0.2727
3YX63NZD,anthony davis,0.25305616778906237,4.15,0.0001
3YX63NZD,cooper flagg,0.2370447141639831,2.55,0.0001
40SNDKQR,michael phelps,0.0001,3.54,0.0001
40SNDKQR,steph curry,0.22761455352544002,3.33,0.0769
40SNDKQR,caitlin clark,0.25553259521543137,3.27,0.0001
40SNDKQR,josh allen,0.40118748509940483,4.06,0.1
40SNDKQR,stefon diggs,0.3385870161816922,1.92,0.0001
40SNDKQR,joe mauer,0.33703273137821355,2.35,0.1333
40SNDKQR,simone biles,0.2643858680083112,2.3,0.1333
40SNDKQR,shawn johnson,0.47425073844102883,3.76,0.1
476LZI3N,lionel messi,0.0001,3.45,0.0001
476LZI3N,cristiano ronaldo,0.6412232829555832,3.2,0.0001
476LZI3N,charles leclerc,0.179068039619795,2.62,0.0001
476LZI3N,serena williams,0.2335442789488078,3.6,0.25
476LZI3N,alysa liu,0.3171606539861518,1.5,0.2222
4CA4DFWP,travis kelce,0.0001,2.02,0.0001
4CA4DFWP,caitlin clark,0.2578434716551212,3.27,0.0833
4CA4DFWP,paige bueckers,0.3173956644176995,0.0001,0.5
4CA4DFWP,michael jordan,0.29432114154960964,4.41,0.0001
4CA4DFWP,serena williams,0.4088951886126776,3.6,0.1
4CA4DFWP,michael phelps,0.41115383854585286,3.54,0.1538
4CA4DFWP,babe ruth,0.35207489197869046,3.78,0.2308
4CA4DFWP,tom brady,0.38782842980251286,3.91,0.1818
56M8U5A5,bryce harper,0.0001,3.41,0.0001
56M8U5A5,jalen hurts,0.2385908708062907,2.71,0.0001
56M8U5A5,scott kingery,0.21173011097123906,1.89,0.0001
56M8U5A5,justin turner,0.2780695209910099,3.95,0.0001
56M8U5A5,shohei ohtani,0.2425143821979272,1.66,0.0001
56M8U5A5,aaron nola,0.11283743643152033,2.97,0.1429
56M8U5A5,ranger suárez,0.2655136951868984,2.94,0.0001
56M8U5A5,mike trout,0.25685875556717574,3.74,0.1111
56M8U5A5,tim salmon,0.4674379991673312,3.89,0.0001
56M8U5A5,angel reese,0.15131725490620251,3.44,0.0001
56M8U5A5,joel embiid,0.1342910312486325,2.62,0.1
5K82MZW1,charles leclerc,0.0001,2.62,0.0001
5K82MZW1,max verstappen,0.31868798446410285,2.6,0.0769
5K82MZW1,yuki tsunoda,0.1960437294198074,1.42,0.0769
5K82MZW1,pierre gasly,0.12757012887315988,1.74,0.0833
5K82MZW1,esteban ocon,0.21495991082370614,1.87,0.2222
5K82MZW1,carlos sainz jr.,0.65919423811255,2.36,0.3
5K82MZW1,alex albon,0.23588404486869008,1.92,0.1
5K82MZW1,lebron,0.2130301684653506,3.91,0.0001
5K82MZW1,venus williams,0.2141613522135516,3.75,0.1538
5K82MZW1,serena williams,0.6751445963443865,3.6,0.0769
5K82MZW1,pérez,0.34622054949312275,2.82,0.1818
5K82MZW1,valtteri bottas,0.43464184076634615,2.06,0.0001
64LRAXDJ,simone biles,0.0001,2.3,0.0001
64LRAXDJ,ilian m.,0.08189181433282888,1.54,0.1429
64LRAXDJ,serena williams,0.11913462375845973,3.6,0.125
6CDVQX7L,tom brady,0.0001,3.91,0.0001
6CDVQX7L,tom brady,1.0,3.91,1.0
6CDVQX7L,jack hughes,0.2923512527674196,4.01,0.25
6CDVQX7L,cristiano ronaldo,0.24975883194967397,3.2,0.0001
6CDVQX7L,lionel messi,0.6412232829555832,3.45,0.0001
6CDVQX7L,kylian mbappé,0.09636412491363622,1.5,0.1429
6CDVQX7L,neymar,0.1907956727686103,3.47,0.0001
6CDVQX7L,kobe bryant,0.36262255023973755,3.43,0.0001
6CDVQX7L,lebron james,0.5946063610117253,3.88,0.1667
6CDVQX7L,shaquille o'neal,0.4859050307725685,2.47,0.0001
6CDVQX7L,michael jordan,0.5044736037144143,4.41,0.0001
6CDVQX7L,mitch marner,0.27317325206815557,2.19,0.1
6CDVQX7L,lamelo ball,0.16317929319693114,1.55,0.0001
6CDVQX7L,fernando alonso,0.09788957997652026,3.3,0.1429
6D26ZXC8,caleb malone,0.0001,3.24,0.0001
6D26ZXC8,tom brady,0.2709944777939287,3.91,0.0833
6PJDUW9O,serena williams,0.0001,3.6,0.0001
6PJDUW9O,coco gauff,0.37256973211770505,0.0001,0.1
6PJDUW9O,lebron james,0.33526749394559974,3.88,0.0833
6PJDUW9O,tiger woods,0.37358025820978824,4.07,0.1667
6PJDUW9O,rory mcilroy,0.40721541025511176,2.7,0.1667
6PJDUW9O,alex ovechkin,0.4035212779438089,2.66,0.25
6PJDUW9O,evander kane,0.4180747623084182,2.48,0.1667
6PJDUW9O,novak djokovic,0.2613193908428426,2.98,0.0833
6PJDUW9O,venus williams,0.3483241085821921,3.75,0.3846
6PJDUW9O,katie ledecky,0.3508536839351979,2.08,0.1538
6PJDUW9O,simone biles,0.4378936305121658,2.3,0.0001
6PJDUW9O,aly raisman,0.4953224565071348,1.92,0.0769
6PJDUW9O,jordan chiles,0.33894564599443533,2.77,0.0769
6PJDUW9O,olivia dunne,0.2885062530035277,2.97,0.1
6VBV95IL,tom brady,0.0001,3.91,0.0001
6VBV95IL,drake maye,0.28724234667226,2.27,0.0001
6VBV95IL,lebron james,0.3738204558060696,3.88,0.0833
6VBV95IL,jayson tatum,0.2863345487838047,2.61,0.0001
6VBV95IL,david ortiz,0.25122215854009955,3.3,0.0769
6VBV95IL,henderson,0.2816735509705046,3.93,0.1667
6VBV95IL,jackson,0.26731085071073046,4.58,0.1667
6XD6NVVO,michael jordan,0.0001,4.41,0.0001
6XD6NVVO,lebron james,0.6506337114462892,3.88,0.3333
6XD6NVVO,serena williams,0.40328812738057984,3.6,0.0001
6XD6NVVO,giannis antetokounmpo,0.2046244016652553,2.01,0.1176
73N2RQWR,usain bolt,0.0001,2.92,0.0001
73N2RQWR,neymar,0.3318355907975883,3.47,0.0001
73N2RQWR,lionel messi,0.596320027681909,3.45,0.0833
73N2RQWR,cristiano ronaldo,0.6412232829555832,3.2,0.0001
73N2RQWR,diego maradona,0.48132795955434393,2.75,0.0001
73N2RQWR,pelé,0.5913775824040302,2.48,0.125
73N2RQWR,gabby thomas,0.33166967280276727,3.15,0.1818
73N2RQWR,simone biles,0.42497116391217427,2.3,0.1818
73N2RQWR,aly raisman,0.4953224565071348,1.92,0.0769
73N2RQWR,serena williams,0.36639322915157846,3.6,0.1538
73N2RQWR,venus williams,0.6751445963443865,3.75,0.0769
73N2RQWR,billie jean king,0.26732071087390463,3.4,0.0769
73N2RQWR,michael jordan,0.4649607080220879,4.41,0.1
7SUXPU9Y,kobe bryant,0.0001,3.43,0.0001
7SUXPU9Y,guillermo ochoa,0.31101747383329403,2.62,0.1
7SUXPU9Y,neymar,0.34469355173466165,3.47,0.1667
7SUXPU9Y,cristiano ronaldo,0.568610830730583,3.2,0.0833
7SUXPU9Y,lionel messi,0.6412232829555832,3.45,0.0001
7SUXPU9Y,travis kelce,0.39979257752567476,2.02,0.0833
7SUXPU9Y,michael jordan,0.3227466681882707,4.41,0.0001
86EKSDZC,fitzgerald,0.0001,3.64,0.0001
86EKSDZC,tom brady,0.38577783759788,3.91,0.0909
86EKSDZC,rob gronkowski,0.5814143904921277,2.49,0.1429
86EKSDZC,bilen,0.18640365191300545,0.0001,0.1667
86EKSDZC,ilia malinin,0.08293613199460048,0.0001,0.0001
86EKSDZC,michael phelps,0.06187172775992966,3.54,0.0769
86EKSDZC,marshawn lynch,0.3516809583778122,2.59,0.0769
86EKSDZC,baker mayfield,0.2862519531832066,3.05,0.1
86EKSDZC,lamar jackson,0.4337296586647771,3.52,0.0531
86EKSDZC,terry bradshaw,0.37991556758856215,3.17,0.1062
86EKSDZC,ben roethlisberger,0.42674510965114076,2.7,0.0588
86EKSDZC,nick chubb,0.35741445464262855,2.76,0.2
86EKSDZC,dick butkus,0.45108482752056667,2.06,0.3333
86EKSDZC,john madden,0.3323755435518335,3.52,0.0833
86EKSDZC,babe ruth,0.2945497169511664,3.78,0.1818
8BL6X7AX,lebron james,0.0001,3.88,0.0001
8BL6X7AX,kobe bryant,0.5946063610117253,3.43,0.1667
8BL6X7AX,lionel messi,0.3915511081900034,3.45,0.1
8BL6X7AX,cristiano ronaldo,0.6412232829555832,3.2,0.0001
8JEQ20SU,"lionel messi, cristiano ronaldo, neymar, kylian mbappé, erling haaland, luka modrić, zinedine zidane, david beckham, ronaldinho, pelé, diego maradona",0.0001,0.96,0.0001
8PAKX1OM,lebron james,0.0001,3.88,0.0001
8PAKX1OM,stephen curry,0.5186292593917099,3.85,0.0833
8PAKX1OM,shaquille o'neal,0.3859029185144236,2.47,0.1111
8PAKX1OM,tiger woods,0.300953085144525,4.07,0.1111
8PAKX1OM,kobe bryant,0.3996322559964596,3.43,0.1
8PAKX1OM,michael phelps,0.3164806466990959,3.54,0.0769
8PAKX1OM,lochne,0.04522933065079482,0.0001,0.0769
8ZC5BFHF,mikaela shiffrin,0.0001,1.71,0.0001
8ZC5BFHF,lindsey vonn,0.32506754943569716,2.16,0.0001
8ZC5BFHF,gus schumacher,0.20269222089292616,3.07,0.1111
8ZC5BFHF,johannes høsflot klæbo,0.1528615255926251,0.0001,0.0001
8ZC5BFHF,jessica diggins,0.21396107276972476,1.97,0.0714
8ZC5BFHF,julia kearns,0.3811627164799134,2.7,0.0769
8ZC5BFHF,michael phelps,0.2216791610272657,3.54,0.0769
8ZC5BFHF,katie ledecky,0.48233495829732176,2.08,0.1538
8ZC5BFHF,aly raisman,0.49480031900621424,1.92,0.1538
8ZC5BFHF,simone biles,0.4953224565071348,2.3,0.0769
8ZC5BFHF,serena williams,0.4782260488184026,3.6,0.0001
8ZC5BFHF,venus williams,0.6751445963443865,3.75,0.0769
8ZC5BFHF,michael jordan,0.30940352436255814,4.41,0.3077
97N7CQ49,lionel messi,0.0001,3.45,0.0001
97N7CQ49,lebron james,0.4248549611408393,3.88,0.0833
97N7CQ49,tom brady,0.47790749834447865,3.91,0.0833
97N7CQ49,cristiano ronaldo,0.47187364158080936,3.2,0.0001
97N7CQ49,serena williams,0.3387872744982554,3.6,0.0001
97N7CQ49,michael jordan,0.4088951886126776,4.41,0.1
9KZ4Q91O,michael jordan,0.0001,4.41,0.0001
9KZ4Q91O,tom brady,0.44125627397424294,3.91,0.1
9KZ4Q91O,tiger woods,0.3549756525856227,4.07,0.0001
9O2ABUMY,michael jordan,0.0001,4.41,0.0001
9O2ABUMY,angel reese,0.20259457059692199,3.44,0.0001
9O2ABUMY,larry bird,0.03430313145253694,4.12,0.1304
9O2ABUMY,serena williams,0.31809898467491327,3.6,0.1304
9O2ABUMY,venus williams,0.6751445963443865,3.75,0.0769
9O2ABUMY,jackie robinson,0.3382823989271633,3.77,0.0769
9O2ABUMY,dwyane wade,0.28036771659646864,2.67,0.0833
9O2ABUMY,kobe bryant,0.5159822639271368,3.43,0.1667
9O2ABUMY,kyrie irving,0.41970555770045537,3.16,0.2
A5YUTA1F,tiger woods,0.0001,4.07,0.0001
A5YUTA1F,michael phelps,0.4046453389989888,3.54,0.1538
A5YUTA1F,michael jordan,0.4357657315632546,4.41,0.0001
A5YUTA1F,stephen curry,0.41616667464280344,3.85,0.1
A5YUTA1F,lin lie,0.25161911956016936,3.76,0.125
A5YUTA1F,usain bolt,0.12689438890438232,2.92,0.0001
A5YUTA1F,tom brady,0.229326897661698,3.91,0.0001
AJVNZ9CE,stephen curry,0.0001,3.85,0.0001
AJVNZ9CE,kobe bryant,0.4827598178044147,3.43,0.0001
AJVNZ9CE,kevin durant,0.47010143607904964,3.45,0.1111
AJVNZ9CE,lebron james,0.5623740811512669,3.88,0.2222
AJVNZ9CE,venus williams,0.24104280657355004,3.75,0.2308
AJVNZ9CE,serena williams,0.6751445963443865,3.6,0.0769
AJVNZ9CE,elena delle donne,0.2557843188433626,2.44,0.0769
AJVNZ9CE,paige bueckers,0.27440362886327296,0.0001,0.1538
AJVNZ9CE,azzi fudd,0.1293929521492928,1.35,0.1176
AJVNZ9CE,jennie finch,0.24440999190090695,3.05,0.1176
AWO2EA8Q,serena williams,0.0001,3.6,0.0001
AWO2EA8Q,venus williams,0.6751445963443865,3.75,0.0769
AWO2EA8Q,novak djokovic,0.3483241085821921,2.98,0.3846
AWO2EA8Q,tom brady,0.2971333689638078,3.91,0.1111
AWO2EA8Q,roger federer,0.41969950047985405,3.19,0.0001
AWO2EA8Q,andy murray,0.5478545376022151,4.04,0.1667
AWO2EA8Q,carlos alcaraz,0.2811893356777434,1.88,0.1
AWO2EA8Q,rafael nadal,0.4441315791933367,3.18,0.1
AWO2EA8Q,lindsey vonn,0.3271440078422856,2.16,0.2222
AWO2EA8Q,lia thomas,0.337468326425892,2.93,0.1818
AWO2EA8Q,elena rybakina,0.38536306565369016,0.0001,0.1818
AWO2EA8Q,victoria azarenka,0.3941004387459336,2.32,0.0909
AWO2EA8Q,katie ledecky,0.3994759021767532,2.08,0.0001
B3MZX5TF,tiger woods,0.0001,4.07,0.0001
B3MZX5TF,michael jordan,0.4232284152825858,4.41,0.0001
B3MZX5TF,michael phelps,0.4357657315632546,3.54,0.0001
B3MZX5TF,lebron james,0.3503965343764506,3.88,0.0001
B3MZX5TF,bronny james,0.5433694647412345,1.36,0.0833
B3MZX5TF,mpj (michael porter jr.),0.2614118476502516,1.48,0.0667
B3MZX5TF,jordan poole,0.37977855703420205,3.31,0.1333
B3MZX5TF,dwight howard,0.3158165448944824,3.67,0.0001
B3MZX5TF,lamar jackson,0.39789441213084653,3.52,0.0531
B3MZX5TF,jayden quaintance,0.24027285536916865,1.37,0.0354
B3MZX5TF,kevin love,0.21664066629837309,4.54,0.1
B3MZX5TF,kyrie irving,0.5172097747752912,3.16,0.1
B3MZX5TF,kevin love,0.5172097747752912,4.54,0.1
B3MZX5TF,stephen curry,0.5300819519514608,3.85,0.0001
B3MZX5TF,darius garland,0.20033463839692134,3.13,0.1
B3MZX5TF,james harden,0.16428730116522727,3.51,0.1667
B3MZX5TF,bryson dechambeau,0.12767740485983903,1.42,0.0001
BF3MN8ZR,serena williams,0.0001,3.6,0.0001
BF3MN8ZR,venus williams,0.6751445963443865,3.75,0.0769
BF3MN8ZR,caitlin clark,0.2946054056012557,3.27,0.0769
BF3MN8ZR,billie jean king,0.26436974164774085,3.4,0.0001
BF3MN8ZR,steph curry,0.25873035092596086,3.33,0.2
BF3MN8ZR,angel reese,0.09648705038406191,3.44,0.1
BF3MN8ZR,giannis antetokounmpo,0.07492609588245847,2.01,0.2353
BF3MN8ZR,victor wembanyama,0.21154464147562324,0.0001,0.1176
BF3MN8ZR,lebron james,0.23740465018378987,3.88,0.1667
BF3MN8ZR,michael jordan,0.6506337114462892,4.41,0.3333
BF3MN8ZR,tiger woods,0.4232284152825858,4.07,0.0001
BF3MN8ZR,kareem abdul-jabbar,0.21321655529894912,2.52,0.2
BWQ1ZSYD,lebron james,0.0001,3.88,0.0001
BWQ1ZSYD,kobe bryant,0.5946063610117253,3.43,0.1667
BWQ1ZSYD,michael jordan,0.6111635702193263,4.41,0.1
BWQ1ZSYD,stephen curry,0.41616667464280344,3.85,0.1
BWQ1ZSYD,lionel messi,0.40703848562745737,3.45,0.0001
BWQ1ZSYD,shaquille o'neal (shaq),0.28057914578971155,2.39,0.0001
BWQ1ZSYD,chloe kim,0.17368258026126737,3.69,0.0001
BWQ1ZSYD,alysa liu,0.4095502155116062,1.5,0.0001
CI6QQA2Y,lionel messi,0.0001,3.45,0.0001
CI6QQA2Y,serena williams,0.2695859645613248,3.6,0.0001
CI6QQA2Y,michael phelps,0.41115383854585286,3.54,0.1538
CI6QQA2Y,simone biles,0.35486497514337323,2.3,0.0001
CI6QQA2Y,grant fisher,0.32312855013472586,3.93,0.0001
CI6QQA2Y,shaquille o'neal,0.34491943095040023,2.47,0.0001
CI6QQA2Y,tom brady,0.348784901164617,3.91,0.0001
CI6QQA2Y,stephen curry,0.4004241387868539,3.85,0.0001
DUBYYHYX,tom brady,0.0001,3.91,0.0001
DUBYYHYX,lebron james,0.47790749834447865,3.88,0.0833
DUBYYHYX,simone biles,0.1622837551303361,2.3,0.0833
DUBYYHYX,tiger woods,0.30572095958053125,4.07,0.1111
DUBYYHYX,michael phelps,0.4046453389989888,3.54,0.1538
EA8GWQDV,gabby douglas,0.0001,3.12,0.0001
EA8GWQDV,simone biles,0.4820795203907611,2.3,0.125
EA8GWQDV,aly raisman,0.4953224565071348,1.92,0.0769
EA8GWQDV,mckayla skinner,0.5056472791562823,1.78,0.2308
EA8GWQDV,russell wilson,0.23545529189100178,4.12,0.0001
EA8GWQDV,tom brady,0.5019913255780537,3.91,0.1
EA8GWQDV,jaxon smith-njigba,0.14837434832160756,0.0001,0.0001
EA8GWQDV,richard sherman,0.1142724463114071,3.8,0.0001
EA8GWQDV,doug baldwin,0.4009565840949523,3.59,0.0833
EA8GWQDV,cristiano ronaldo,0.10933137682471916,3.2,0.0833
ESNMRF10,michael jordan,0.0001,4.41,0.0001
ESNMRF10,eli manning,0.3021701047251175,3.49,0.1333
ESNMRF10,tom brady,0.5254781091317666,3.91,0.0667
ESNMRF10,babe ruth,0.38782842980251286,3.78,0.1818
ESNMRF10,derek jeter,0.4383396729602641,2.96,0.0001
ESNMRF10,aaron rodgers,0.400639311741007,3.67,0.0769
ESNMRF10,michael schumacher,0.2765489542735651,3.2,0.0714
ESNMRF10,lewis hamilton,0.5659665013752668,4.09,0.0714
ESNMRF10,max verstappen,0.4671452131710271,2.6,0.0769
ESNMRF10,lando norris,0.2794976431950025,2.69,0.0769
ESNMRF10,george russell,0.36043307987640794,4.25,0.0001
ESNMRF10,kimi antonelli,0.2386942118140679,2.04,0.3636
ESNMRF10,ollie bearman,0.18127007773580872,1.69,0.0833
ESNMRF10,nico hulkenberg,0.208972736910488,2.0,0.0833
ESNMRF10,pierre gasly,0.20640122401462924,1.74,0.0001
FDULT82W,usain bolt,0.0001,2.92,0.0001
FDULT82W,tom brady,0.229326897661698,3.91,0.0001
FDULT82W,lebron james,0.47790749834447865,3.88,0.0833
FDULT82W,kobe bryant,0.5946063610117253,3.43,0.1667
FDULT82W,serena williams,0.35758823932351125,3.6,0.1
FDULT82W,caitlin clark,0.3015808875593602,3.27,0.0001
FJYUEQN8,michael phelps,0.0001,3.54,0.0001
FJYUEQN8,kobe bryant,0.3164806466990959,3.43,0.0769
FJYUEQN8,lebron james,0.5946063610117253,3.88,0.1667
FJYUEQN8,stephen curry,0.5186292593917099,3.85,0.0833
FJYUEQN8,michael jordan,0.41616667464280344,4.41,0.1
FJYUEQN8,kyrie irving,0.37210271433625375,3.16,0.4
FJYUEQN8,kareem abdul-jabbar,0.32920650008397767,2.52,0.0001
FJYUEQN8,joe burrow,0.1426030650913399,3.09,0.0909
FJYUEQN8,tom brady,0.2820067472486659,3.91,0.0909
FJYUEQN8,drake maye,0.28724234667226,2.27,0.0001
FJYUEQN8,a.j. brown,0.2128381880713669,3.24,0.0001
FJYUEQN8,saquon barkley,0.27548500897872674,1.78,0.0833
FJYUEQN8,aaron judge,0.19554826616522358,4.16,0.1667
FJYUEQN8,babe ruth,0.3524549933150194,3.78,0.0909
FYE2JV3H,lebron james,0.0001,3.88,0.0001
FYE2JV3H,colin kaepernick,0.3613332086116775,2.94,0.2857
FYE2JV3H,tom brady,0.505425473686388,3.91,0.1429
FYE2JV3H,serena williams,0.38640016895524965,3.6,0.25
G8B6AJJV,tom brady,0.0001,3.91,0.0001
G8B6AJJV,troy aikman,0.4702883552426649,2.44,0.0001
G8B6AJJV,michael jordan,0.3332422929781834,4.41,0.0001
G8B6AJJV,pelé,0.4534715006136879,2.48,0.2
G8B6AJJV,lionel messi,0.47996155250402683,3.45,0.125
G8B6AJJV,andre agassi,0.3320500570994991,2.47,0.0001
G8B6AJJV,venus williams,0.3533995473041529,3.75,0.0769
G8B6AJJV,serena williams,0.6751445963443865,3.6,0.0769
G8B6AJJV,naomi osaka,0.39524953343253744,3.3,0.2222
G8B6AJJV,lamelo ball,0.08826999818516612,1.55,0.2222
G8B6AJJV,lavar ball (zo ball unclear),0.5754743232490299,2.11,0.1667
GNLFFB4P,alex morgan,0.0001,4.21,0.0001
GNLFFB4P,travis kelce,0.3284267385691758,2.02,0.1667
GNLFFB4P,tobin heath,0.29405230686772854,2.95,0.0833
GNLFFB4P,christen press,0.20919268854915818,2.63,0.0001
GNLFFB4P,kelley o'hara,0.20680176346150403,3.07,0.0909
GNLFFB4P,ali krieger,0.23774876157209113,2.75,0.1667
GNLFFB4P,shannon boxx,0.2743137550264534,1.58,0.0833
GNLFFB4P,crystal dunn,0.3630304860570267,3.6,0.1818
GNLFFB4P,julie ertz,0.19974650561075258,2.06,0.1538
GNLFFB4P,zach ertz,0.5948053461731184,2.06,0.0769
GNLFFB4P,cam ward,0.31883193990153624,3.91,0.0001
GNLFFB4P,tom brady,0.30666706315660974,3.91,0.1111
GNLFFB4P,alyssa thompson,0.22878025283015724,3.14,0.0001
GNLFFB4P,giselle thompson,0.6261598085344945,2.8,0.25
GNLFFB4P,naomi girma,0.3380808777018247,1.21,0.0001
GNLFFB4P,leah williamson,0.2967877793291125,3.23,0.0001
GNLFFB4P,caitlin clark,0.4138409516929247,3.27,0.2
GNLFFB4P,paige bueckers,0.3173956644176995,0.0001,0.5
H6D2C4VR,rafael nadal,0.0001,3.18,0.0001
H6D2C4VR,roger federer,0.7182175977099359,3.19,0.0833
H6D2C4VR,tamamo cross,0.06329815484552537,1.58,0.2857
H6D2C4VR,super creek,0.042278564344617076,4.29,0.0714
H6D2C4VR,oguri cap,0.21511914242718766,1.37,0.1538
H6D2C4VR,lebron james,0.07432010145103884,3.88,0.1538
H6D2C4VR,michael jordan,0.6506337114462892,4.41,0.3333
H6D2C4VR,jeremy lin,0.49884525387014755,3.64,0.3
H6D2C4VR,kobe bryant,0.46309831545454205,3.43,0.0001
H6D2C4VR,djokovic,0.365367458784305,3.22,0.0667
H6D2C4VR,alcaraz,0.2706983348154717,1.88,0.0667
H6D2C4VR,jannik sinner,0.0001,1.81,0.0001
H6D2C4VR,tiger woods,0.1995322897738938,4.07,0.1429
HCBTBYHS,usain bolt,0.0001,2.92,0.0001
HCBTBYHS,alysa liu,0.2373797581709125,1.5,0.0909
HCBTBYHS,gabby douglas,0.2607414206418588,3.12,0.2222
HCBTBYHS,tony hawk,0.1831825457810663,3.75,0.0001
HCBTBYHS,chloe zhao,0.26914214868706576,3.11,0.1333
HCBTBYHS,amber glenn,0.29218067976522444,3.67,0.0001
HCBTBYHS,alex morgan,0.4880076704538885,4.21,0.1
HCBTBYHS,james rodriguez,0.3934919256192049,3.69,0.0001
HCBTBYHS,tobin heath,0.30398669832961067,2.95,0.1667
HZP27937,tiger woods,0.0001,4.07,0.0001
HZP27937,js,0.11238186624430346,3.54,0.1111
HZP27937,jak hughes,0.01195794499583358,2.68,0.3636
HZP27937,simone biles,0.18697391665870755,2.3,0.0909
HZP27937,lionel messi,0.221127906864925,3.45,0.1429
HZP27937,soto,0.2542227140414701,3.02,0.0001
HZP27937,judge,0.24550398565702813,4.95,0.1053
IEOJ1IW3,yuzuru hanyu,0.0001,1.87,0.0001
IEOJ1IW3,alysa liu,0.20241371782991457,1.5,0.0001
IEOJ1IW3,ilia malinin,0.25693080812591895,0.0001,0.1818
IEOJ1IW3,cha jun-hwan,0.25373112060980363,2.69,0.2727
IN92PH3J,lewis hamilton,0.0001,4.09,0.0001
IN92PH3J,nikita mazepin,0.19153976521293425,0.0001,0.25
IN92PH3J,valtteri bottas,0.32154982464774506,2.06,0.1667
IN92PH3J,michael phelps,0.2799393097713694,3.54,0.1538
IN92PH3J,lando norris,0.26172182284478707,2.69,0.0769
IN92PH3J,michael schumacher,0.3257370727536477,3.2,0.0001
IN92PH3J,lance stroll,0.26289808273111803,3.39,0.0001
IN92PH3J,fernando alonso,0.2555229203521594,3.3,0.1905
IN92PH3J,jeremy clarkson,0.2817502464357424,3.4,0.1429
IN92PH3J,mario andretti,0.270366868869067,2.44,0.0001
IRFHWRXF,travis kelce,0.0001,2.02,0.0001
IRFHWRXF,liu (skating athlete),0.13389387349425663,3.39,0.0833
IRFHWRXF,kylian mbappé,0.10808905700411564,1.5,0.0001
IRFHWRXF,antoine griezmann,0.2684164147223298,2.55,0.0001
IRFHWRXF,n'golo kanté,0.40526340020390106,1.31,0.1739
IRFHWRXF,paul pogba,0.45465919296550794,3.09,0.1739
IRFHWRXF,hugo lloris,0.36285152176634405,2.41,0.0001
IRFHWRXF,lebron james,0.2513619689336697,3.88,0.0714
J8N7DCDH,russell wilson,0.0001,4.12,0.0001
J8N7DCDH,michael jordan,0.43923728986237653,4.41,0.1
J8N7DCDH,kobe bryant,0.6111635702193263,3.43,0.1
JDVDZARM,usain bolt,0.0001,2.92,0.0001
JDVDZARM,tom brady,0.229326897661698,3.91,0.0001
JDVDZARM,michael jordan,0.44125627397424294,4.41,0.1
JDVDZARM,"ed reed (unclear ""ward""; best-match assumption)",0.10293080078034178,3.45,0.2308
JDVDZARM,travis kelce,0.29632843922071606,2.02,0.0001
JDVDZARM,babe ruth,0.1374543430257098,3.78,0.25
JDVDZARM,michael phelps,0.35207489197869046,3.54,0.2308
JEW0DH9D,"dwayne ""the rock"" johnson",0.0001,3.32,0.0001
JEW0DH9D,shaquille o'neal,0.39628473557409527,2.47,0.0001
JEW0DH9D,lebron james,0.4859050307725685,3.88,0.0001
JEW0DH9D,yuzuru hanyu,0.12233894136614332,1.87,0.1333
JEW0DH9D,alysa liu,0.20241371782991457,1.5,0.0001
JEW0DH9D,nathan chen,0.41645831692972424,3.74,0.1429
JEW0DH9D,serena williams,0.19496877720066075,3.6,0.0714
JIMIPV7S,serena williams,0.0001,3.6,0.0001
JIMIPV7S,michael phelps,0.41115383854585286,3.54,0.1538
JIMIPV7S,tiger woods,0.4046453389989888,4.07,0.1538
JIMIPV7S,michael jordan,0.4232284152825858,4.41,0.0001
JIMIPV7S,lebron james,0.6506337114462892,3.88,0.3333
JIMIPV7S,bryce harper,0.42289048719535605,3.41,0.25
K6LTYZJH,serena williams,0.0001,3.6,0.0001
K6LTYZJH,alysa liu,0.3171606539861518,1.5,0.2222
K6LTYZJH,lebron james,0.16885311419320626,3.88,0.0833
K6LTYZJH,michael jordan,0.6506337114462892,4.41,0.3333
K6LTYZJH,tiger woods,0.4232284152825858,4.07,0.0001
K6LTYZJH,alcaraz,0.04992843092519961,1.88,0.0001
K6LTYZJH,michael phelps,0.13821092433012605,3.54,0.1538
K6LTYZJH,katie ledecky,0.48233495829732176,2.08,0.1538
KMXD4OZC,alysa liu,0.0001,1.5,0.0001
KMXD4OZC,eileen gu,0.33706594947464774,3.07,0.0001
KMXD4OZC,yuzuru hanyu,0.18255668067605424,1.87,0.2
KMXD4OZC,simone biles,0.21326609473355607,2.3,0.0667
KZ9S5MPC,lionel messi,0.0001,3.45,0.0001
KZ9S5MPC,lebron james,0.4248549611408393,3.88,0.0833
KZ9S5MPC,shaquille o'neal,0.4859050307725685,2.47,0.0001
LJSMGNV0,kobe bryant,0.0001,3.43,0.0001
LJSMGNV0,babe ruth,0.35375200258003137,3.78,0.0909
LJSMGNV0,travis kelce,0.1374543430257098,2.02,0.25
LN8REBYY,larry bird,0.0001,4.12,0.0001
LN8REBYY,michael jordan,0.5151402450241235,4.41,0.087
LN8REBYY,lindsey vonn,0.19018113191855612,2.16,0.1
LN8REBYY,tiger woods,0.2834391667364582,4.07,0.0001
LUKGQM9Q,lebron james,0.0001,3.88,0.0001
LUKGQM9Q,kobe bryant,0.5946063610117253,3.43,0.1667
LUKGQM9Q,jack hughes,0.2646635185588244,4.01,0.1
LUKGQM9Q,derek jeter,0.289005236090633,2.96,0.0001
LUKGQM9Q,aaron judge,0.3689677232239543,4.16,0.0001
MCYP84X4,serena williams,0.0001,3.6,0.0001
MCYP84X4,venus williams,0.6751445963443865,3.75,0.0769
MCYP84X4,mikaela shiffrin,0.2547104095160819,1.71,0.0001
MCYP84X4,lionel messi,0.08667296674254943,3.45,0.0001
MCYP84X4,alex morgan,0.29490069892753035,4.21,0.0001
MCYP84X4,rafael nadal,0.29036652746872504,3.18,0.1
MCYP84X4,cristiano ronaldo,0.5091599181800209,3.2,0.125
MCYP84X4,drake maye,0.30713388350893567,2.27,0.125
MCYP84X4,tom brady,0.28724234667226,3.91,0.0001
MCYP84X4,nadia comaneci,0.19284120206580546,1.51,0.1
MCYP84X4,gabby douglas,0.26020925183073895,3.12,0.1
MCYP84X4,simone biles,0.4820795203907611,2.3,0.125
N9V0QKO1,lebron james,0.0001,3.88,0.0001
N9V0QKO1,jalen hurts,0.26954811966740655,2.71,0.1667
N9V0QKO1,simone biles,0.050219164813148254,2.3,0.0001
N9V0QKO1,alysa liu,0.40481411966774183,1.5,0.1111
NHCBLFL1,katie ledecky,0.0001,2.08,0.0001
NHCBLFL1,travis kelce,0.21749392116857136,2.02,0.1667
NHCBLFL1,michael phelps,0.1588823343568766,3.54,0.1538
NHCBLFL1,tom brady,0.4320811605576269,3.91,0.0769
NHCBLFL1,simone biles,0.241226648178256,2.3,0.0001
NHCBLFL1,josh allen,0.2996637815270269,4.06,0.0001
NRXHKYAS,roger federer,0.0001,3.19,0.0001
NRXHKYAS,lionel messi,0.401141416846151,3.45,0.0833
NRXHKYAS,serena williams,0.2695859645613248,3.6,0.0001
NRXHKYAS,michael phelps,0.41115383854585286,3.54,0.1538
NRXHKYAS,carlos alcaraz,0.27008946355590546,1.88,0.0769
NXGNLGFN,drake maye,0.0001,2.27,0.0001
NXGNLGFN,tom brady,0.28724234667226,3.91,0.0001
NXGNLGFN,stefon diggs,0.3165801045355645,1.92,0.0001
NXGNLGFN,david ortiz,0.2570615816551276,3.3,0.0001
NXGNLGFN,rob gronkowski,0.37733044052186915,2.49,0.0833
NZ8ZTZHG,kylian mbappé,0.0001,1.5,0.0001
NZ8ZTZHG,lionel messi,0.09636412491363622,3.45,0.1429
NZ8ZTZHG,cristiano ronaldo,0.6412232829555832,3.2,0.0001
NZ8ZTZHG,charles leclerc,0.179068039619795,2.62,0.0001
NZ8ZTZHG,lewis hamilton,0.3959211549428103,4.09,0.0001
O4NB1X6B,josh allen,0.0001,4.06,0.0001
O4NB1X6B,tom brady,0.3600177322538436,3.91,0.25
O4NB1X6B,aaron judge,0.27029963127129353,4.16,0.0001
OEQ7A3BW,serena williams,0.0001,3.6,0.0001
OEQ7A3BW,neymar,0.20368266207289654,3.47,0.0833
OEQ7A3BW,lewis hamilton,0.25091888957267816,4.09,0.1667
OUSZQD8K,tiger woods,0.0001,4.07,0.0001
OUSZQD8K,serena williams,0.349448925412834,3.6,0.1111
OUSZQD8K,venus williams,0.6751445963443865,3.75,0.0769
OUSZQD8K,simone biles,0.5036839460302718,2.3,0.0001
OUSZQD8K,peyton manning,0.14543029053202405,3.4,0.0001
OUSZQD8K,eli manning,0.7122595755941228,3.49,0.1333
OUSZQD8K,roger federer,0.27242126735921623,3.19,0.2
OX30M9NX,tom brady,0.0001,3.91,0.0001
OX30M9NX,lebron james,0.47790749834447865,3.88,0.0833
OX30M9NX,stephen curry,0.5186292593917099,3.85,0.0833
OX30M9NX,babe ruth,0.2232316951852844,3.78,0.0001
OX30M9NX,lionel messi,0.21950633088026494,3.45,0.0909
PBNU471N,neymar,0.0001,3.47,0.0001
PLC36LSR,tom brady,0.0001,3.91,0.0001
PLC36LSR,caitlin clark,0.15242352242343404,3.27,0.2
PLW1S0CA,henderson,0.0001,3.93,0.0001
PLW1S0CA,ilia malinin,0.0720951092762967,0.0001,0.0001
PLW1S0CA,amber glenn,0.1679921543970907,3.67,0.0909
PLW1S0CA,nathan chen,0.2940561927321397,3.74,0.0001
Q3MFUDV9,luka doncic,0.0001,2.04,0.0001
Q3MFUDV9,lebron,0.21613242072726835,3.91,0.125
Q3MFUDV9,tom brady,0.4306026887895069,3.91,0.2857
Q3MFUDV9,grok,0.15910915013811344,1.88,0.0833
Q3MFUDV9,pelé,0.1845644099254401,2.48,0.0833
QGT05169,cristiano ronaldo,0.0001,3.2,0.0001
QGT05169,lewis hamilton,0.3620756898285925,4.09,0.25
QGT05169,neymar,0.25091888957267816,3.47,0.1667
RLHDN7YZ,tom brady,0.0001,3.91,0.0001
RLHDN7YZ,drake maye,0.28724234667226,2.27,0.0001
RLHDN7YZ,babe ruth,0.14860169680644764,3.78,0.0001
RS0Z27EB,tiger woods,0.0001,4.07,0.0001
RS0Z27EB,tom brady,0.3549756525856227,3.91,0.0001
RS0Z27EB,lebron james,0.47790749834447865,3.88,0.0833
RS0Z27EB,drake maye,0.3738204558060696,2.27,0.0833
RS0Z27EB,alysa liu,0.08444149193058137,1.5,0.0001
S30LA614,simone biles,0.0001,2.3,0.0001
S30LA614,serena williams,0.4782260488184026,3.6,0.0001
S30LA614,venus williams,0.6751445963443865,3.75,0.0769
S30LA614,usain bolt,0.2542137983081434,2.92,0.0001
S30LA614,lindsey vonn,0.3160019053428986,2.16,0.0001
S30LA614,alysa liu,0.2851014867988426,1.5,0.3333
S30LA614,saquon barkley,0.18491960167634736,1.78,0.0833
S30LA614,tom brady,0.32348195049145734,3.91,0.0001
S30LA614,lebron james,0.47790749834447865,3.88,0.0833
S30LA614,michael phelps,0.3503965343764506,3.54,0.0001
S30LA614,tony hawk,0.35849544729360994,3.75,0.0667
S87Q76NA,tom brady,0.0001,3.91,0.0001
S87Q76NA,peyton manning,0.5778570629596368,3.4,0.2
S87Q76NA,eli manning,0.7122595755941228,3.49,0.1333
S87Q76NA,drake maye,0.31282260975272824,2.27,0.0001
SENRROOG,serena williams,0.0001,3.6,0.0001
SENRROOG,venus williams,0.6751445963443865,3.75,0.0769
SENRROOG,drake maye,0.247542044234902,2.27,0.1538
SENRROOG,tom brady,0.28724234667226,3.91,0.0001
SENRROOG,travis kelce,0.35732469312384274,2.02,0.0833
T6E9EPOZ,michael jordan,0.0001,4.41,0.0001
T6E9EPOZ,serena williams,0.4088951886126776,3.6,0.1
U2N1A8VX,david ortiz,0.0001,3.3,0.0001
U2N1A8VX,steph curry,0.31100526793466854,3.33,0.0833
U2N1A8VX,michael jordan,0.4369458857182995,4.41,0.0001
U4TQC9J3,stephen curry,0.0001,3.85,0.0001
U4TQC9J3,tom brady,0.4004241387868539,3.91,0.0001
U4TQC9J3,babe ruth,0.38782842980251286,3.78,0.1818
U4TQC9J3,simone biles,0.2401325389809854,2.3,0.1818
U4TQC9J3,ilia malinin,0.19241112796300763,0.0001,0.0001
U7RW6MVC,lebron james,0.0001,3.88,0.0001
U7RW6MVC,tiger woods,0.37358025820978824,4.07,0.1667
UIBPJL1Q,lebron,0.0001,3.91,0.0001
UIBPJL1Q,drake maye,0.34428830448474934,2.27,0.0001
UIBPJL1Q,tom brady,0.28724234667226,3.91,0.0001
UIBPJL1Q,steph curry,0.4098148798718908,3.33,0.0001
UIBPJL1Q,babe ruth,0.26663306476941573,3.78,0.0909
UVAI5SO9,tiger woods,0.0001,4.07,0.0001
UVAI5SO9,tom brady,0.3549756525856227,3.91,0.0001
UVAI5SO9,michael phelps,0.4320811605576269,3.54,0.0769
UVAI5SO9,babe ruth,0.35207489197869046,3.78,0.2308
UVAI5SO9,david ortiz,0.4006168417246545,3.3,0.0001
UVAI5SO9,alysa liu,0.21379775666656342,1.5,0.0001
VJJ2VCIY,simone biles,0.0001,2.3,0.0001
VJJ2VCIY,neymar,0.17562703445379813,3.47,0.0001
VJJ2VCIY,michael jordan,0.2855042338801136,4.41,0.25
VJJ2VCIY,steph curry,0.4369458857182995,3.33,0.0001
VJJ2VCIY,lebron james,0.5295220562859622,3.88,0.0001
VNHTSXTP,tom brady,0.0001,3.91,0.0001
VNHTSXTP,travis kelce,0.35732469312384274,2.02,0.0833
VNSY2V6A,tom brady,0.0001,3.91,0.0001
VNSY2V6A,kylian mbappé,0.1118128039335603,1.5,0.0001
VNSY2V6A,cristiano ronaldo,0.11575254341548291,3.2,0.0001
VNSY2V6A,lionel messi,0.6412232829555832,3.45,0.0001
W6Z3Y3K6,shaquille o'neal,0.0001,2.47,0.0001
W6Z3Y3K6,lebron james,0.4859050307725685,3.88,0.0001
W6Z3Y3K6,peyton manning,0.4299155197520045,3.4,0.0833
W6Z3Y3K6,tom brady,0.5778570629596368,3.91,0.2
W6Z3Y3K6,michael phelps,0.4320811605576269,3.54,0.0769
WU4Q5VLP,simone biles,0.0001,2.3,0.0001
WU4Q5VLP,michael phelps,0.35486497514337323,3.54,0.0001
WU4Q5VLP,jessica diggins,0.2258606992264578,1.97,0.0769
WU4Q5VLP,drake maye,0.06287555086970631,2.27,0.0769
WU4Q5VLP,tom brady,0.28724234667226,3.91,0.0001
XAA8CS8F,paige bueckers,0.0001,0.0001,0.0001
XAA8CS8F,lebron james,0.2115221245958161,3.88,0.25
XAA8CS8F,katie ledecky,0.24679769337136137,2.08,0.0833
XAA8CS8F,simone biles,0.4378936305121658,2.3,0.0001
XAA8CS8F,chloe kim,0.293940656491245,3.69,0.0001
XAA8CS8F,rory mcilroy,0.16730181364806718,2.7,0.0833
XAA8CS8F,azzi fudd,0.3117459895416226,1.35,0.1176
XAA8CS8F,gabby douglas,0.19623546789794555,3.12,0.1176
XAA8CS8F,cooper flagg,0.2974560455546842,2.55,0.1
XAA8CS8F,michael phelps,0.23146883099514448,3.54,0.2308
XI93MR3J,travis kelce,0.0001,2.02,0.0001
XILQXDX5,lebron james,0.0001,3.88,0.0001
XILQXDX5,simone biles,0.1622837551303361,2.3,0.0833
XILQXDX5,michael phelps,0.35486497514337323,3.54,0.0001
XILQXDX5,max verstappen,0.26160962600076854,2.6,0.0001
XILQXDX5,yuki tsunoda,0.1960437294198074,1.42,0.0769
XILQXDX5,lewis hamilton,0.11874725905707395,4.09,0.0833
XILQXDX5,pierre gasly,0.22700954368378634,1.74,0.125
XJF7RLTQ,michael jordan,0.0001,4.41,0.0001
XJF7RLTQ,stephen curry,0.41616667464280344,3.85,0.1
XJF7RLTQ,serena williams,0.34721610238659406,3.6,0.0001
XJF7RLTQ,venus williams,0.6751445963443865,3.75,0.0769
XV9JV4CP,lionel messi,0.0001,3.45,0.0001
XV9JV4CP,cristiano ronaldo,0.6412232829555832,3.2,0.0001
XV9JV4CP,drake maye,0.30713388350893567,2.27,0.125
XV9JV4CP,tom brady,0.28724234667226,3.91,0.0001
XV9JV4CP,michael jordan,0.44125627397424294,4.41,0.1
XV9JV4CP,stephen curry,0.41616667464280344,3.85,0.1
XV9JV4CP,jalen hurts,0.2945477145069436,2.71,0.0001
Y0GQPG0K,michael jordan,0.0001,4.41,0.0001
Y0GQPG0K,tom brady,0.44125627397424294,3.91,0.1
Y0GQPG0K,kobe bryant,0.4022641388396804,3.43,0.3
Y0GQPG0K,larry bird,0.41511572268455166,4.12,0.0435
Y0GQPG0K,lionel messi,0.30321283227180973,3.45,0.087
Y0GQPG0K,babe ruth,0.21950633088026494,3.78,0.0909
YDKEN7JY,giannis antetokounmpo,0.0001,2.01,0.0001
YDKEN7JY,michael jordan,0.3207723522467987,4.41,0.1176
YDKEN7JY,lebron james,0.6506337114462892,3.88,0.3333
YDKEN7JY,josh allen,0.3176031447458666,4.06,0.25
YDKEN7JY,michael phelps,0.3350741500964052,3.54,0.1538
YDKEN7JY,katie ledecky,0.48233495829732176,2.08,0.1538
YDKEN7JY,kevin durant,0.2857770382714637,3.45,0.1111
YDKEN7JY,cooper flagg,0.23848814437768073,2.55,0.1111
YMQ1DC06,serena williams,0.0001,3.6,0.0001
YMQ1DC06,alysa liu,0.3171606539861518,1.5,0.2222
YP5UHRSA,kobe bryant,0.0001,3.43,0.0001
YP5UHRSA,usain bolt,0.22921719193416634,2.92,0.0001
YP5UHRSA,tom brady,0.229326897661698,3.91,0.0001
YP5UHRSA,drake maye,0.28724234667226,2.27,0.0001
YQ5FHGIU,lebron james,0.0001,3.88,0.0001
YVQX6LL1,michael jordan,0.0001,4.41,0.0001
YVQX6LL1,tiger woods,0.4232284152825858,4.07,0.0001
YVQX6LL1,kaitlyn clark,0.237345569183406,2.84,0.1111
YVQX6LL1,paige bueckers,0.41113409247110866,0.0001,0.0001
YVQX6LL1,simone biles,0.42789277341938736,2.3,0.0001
YVQX6LL1,alisa liu,0.4866462950011503,2.65,0.0769
ZERL6DH6,bukayo saka,0.0001,0.0001,0.0001
ZERL6DH6,lionel messi,0.1709495874620588,3.45,0.1111
ZERL6DH6,richarlison,0.18578910183234376,1.59,0.0001
ZERL6DH6,neymar,0.2537346828139788,3.47,0.1667
ZERL6DH6,cristiano ronaldo,0.568610830730583,3.2,0.0833
ZERL6DH6,stephen curry,0.36334923395810415,3.85,0.0001
ZERL6DH6,lebron james,0.5186292593917099,3.88,0.0833
ZERL6DH6,michael phelps,0.3503965343764506,3.54,0.0001
ZERL6DH6,serena williams,0.41115383854585286,3.6,0.1538
ZERL6DH6,alysa liu,0.3171606539861518,1.5,0.2222
ZHMH16C4,peyton manning,0.0001,3.4,0.0001
ZHMH16C4,marvin harrison,0.3664788162607058,3.52,0.1
ZHMH16C4,reggie wayne,0.40166262329895197,3.49,0.1
ZHMH16C4,edgerrin james,0.34874801090016283,1.32,0.2
ZHMH16C4,michael phelps,0.2489946560405143,3.54,0.1538
ZHMH16C4,katie ledecky,0.48233495829732176,2.08,0.1538
ZHMH16C4,mia hamm,0.3196872216117872,2.86,0.3333
ZHMH16C4,eli manning,0.2562286062235908,3.49,0.2
ZHMH16C4,tara lipinski,0.0001,2.15,0.0667
ZHMH16C4,mary lou retton,0.26448664503954067,1.57,0.0833
ZHMH16C4,olga korbut,0.2266550138775374,1.26,0.0001
ZYQ1C8LT,joe burrow,0.0001,3.09,0.0001
ZYQ1C8LT,aaron judge,0.2871645015040949,4.16,0.1818
ZYQ1C8LT,ken griffey jr.,0.34846012083827405,2.46,0.25
ZYQ1C8LT,caitlin clark,0.242758512571283,3.27,0.0833
ZYQ1C8LT,sue bird,0.18115345596818389,4.08,0.1
